,Date,縣市,人口差
1,2007-04-01,高雄市,86.0
2,2007-05-01,高雄市,149.0
3,2007-06-01,高雄市,625.0
4,2007-07-01,高雄市,983.0
5,2007-08-01,高雄市,715.0
6,2007-09-01,高雄市,417.0
7,2007-10-01,高雄市,587.0
8,2007-11-01,高雄市,689.0
9,2007-12-01,高雄市,1080.0
10,2008-01-01,高雄市,412.0
11,2008-02-01,高雄市,447.0
12,2008-03-01,高雄市,57.0
13,2008-04-01,高雄市,22.0
14,2008-05-01,高雄市,42.0
15,2008-06-01,高雄市,495.0
16,2008-07-01,高雄市,306.0
17,2008-08-01,高雄市,106.0
18,2008-09-01,高雄市,-17.0
19,2008-10-01,高雄市,620.0
20,2008-11-01,高雄市,985.0
21,2008-12-01,高雄市,711.0
22,2009-01-01,高雄市,812.0
23,2009-02-01,高雄市,-73.0
24,2009-03-01,高雄市,257.0
25,2009-04-01,高雄市,-536.0
26,2009-05-01,高雄市,-327.0
27,2009-06-01,高雄市,-115.0
28,2009-07-01,高雄市,342.0
29,2009-08-01,高雄市,-672.0
30,2009-09-01,高雄市,-25.0
31,2009-10-01,高雄市,753.0
32,2009-11-01,高雄市,735.0
33,2009-12-01,高雄市,682.0
34,2010-01-01,高雄市,102.0
35,2010-02-01,高雄市,106.0
36,2010-03-01,高雄市,196.0
37,2010-04-01,高雄市,189.0
38,2010-05-01,高雄市,185.0
39,2010-06-01,高雄市,-983.0
40,2010-07-01,高雄市,1667.0
41,2010-08-01,高雄市,519.0
42,2010-09-01,高雄市,-91.0
43,2010-10-01,高雄市,215.0
44,2010-11-01,高雄市,600.0
45,2010-12-01,高雄市,-109.0
46,2011-01-01,高雄市,-50.0
47,2011-02-01,高雄市,-504.0
48,2011-03-01,高雄市,-95.0
49,2011-04-01,高雄市,147.0
50,2011-05-01,高雄市,-131.0
51,2011-06-01,高雄市,-389.0
52,2011-07-01,高雄市,186.0
53,2011-08-01,高雄市,191.0
54,2011-09-01,高雄市,319.0
55,2011-10-01,高雄市,369.0
56,2011-11-01,高雄市,329.0
57,2011-12-01,高雄市,615.0
58,2012-01-01,高雄市,455.0
59,2012-02-01,高雄市,-94.0
60,2012-03-01,高雄市,-245.0
61,2012-04-01,高雄市,63.0
62,2012-05-01,高雄市,81.0
63,2012-06-01,高雄市,752.0
64,2012-07-01,高雄市,252.0
65,2012-08-01,高雄市,470.0
66,2012-09-01,高雄市,346.0
67,2012-10-01,高雄市,578.0
68,2012-11-01,高雄市,769.0
69,2012-12-01,高雄市,762.0
70,2013-01-01,高雄市,139.0
71,2013-02-01,高雄市,298.0
72,2013-03-01,高雄市,-160.0
73,2013-04-01,高雄市,-143.0
74,2013-05-01,高雄市,127.0
75,2013-06-01,高雄市,172.0
76,2013-07-01,高雄市,324.0
77,2013-08-01,高雄市,32.0
78,2013-09-01,高雄市,-202.0
79,2013-10-01,高雄市,181.0
80,2013-11-01,高雄市,136.0
81,2013-12-01,高雄市,314.0
82,2014-01-01,高雄市,-87.0
83,2014-02-01,高雄市,-137.0
84,2014-03-01,高雄市,-984.0
85,2014-04-01,高雄市,-537.0
86,2014-05-01,高雄市,-717.0
87,2014-06-01,高雄市,-119.0
88,2014-07-01,高雄市,-56.0
89,2014-08-01,高雄市,78.0
90,2014-09-01,高雄市,143.0
91,2014-10-01,高雄市,312.0
92,2014-11-01,高雄市,382.0
93,2014-12-01,高雄市,837.0
94,2015-01-01,高雄市,363.0
95,2015-02-01,高雄市,172.0
96,2015-03-01,高雄市,-391.0
97,2015-04-01,高雄市,-222.0
98,2015-05-01,高雄市,-121.0
99,2015-06-01,高雄市,42.0
100,2015-07-01,高雄市,-559.0
101,2015-08-01,高雄市,-328.0
102,2015-09-01,高雄市,-78.0
103,2015-10-01,高雄市,379.0
104,2015-11-01,高雄市,263.0
105,2015-12-01,高雄市,406.0
106,2016-01-01,高雄市,-189.0
107,2016-02-01,高雄市,-155.0
108,2016-03-01,高雄市,-334.0
109,2016-04-01,高雄市,-133.0
110,2016-05-01,高雄市,-323.0
111,2016-06-01,高雄市,308.0
112,2016-07-01,高雄市,193.0
113,2016-08-01,高雄市,33.0
114,2016-09-01,高雄市,14.0
115,2016-10-01,高雄市,43.0
116,2016-11-01,高雄市,395.0
117,2016-12-01,高雄市,601.0
118,2017-01-01,高雄市,-39.0
119,2017-02-01,高雄市,-280.0
120,2017-03-01,高雄市,-326.0
121,2017-04-01,高雄市,8.0
122,2017-05-01,高雄市,-319.0
123,2017-06-01,高雄市,-392.0
124,2017-07-01,高雄市,-150.0
125,2017-08-01,高雄市,-309.0
126,2017-09-01,高雄市,-543.0
127,2017-10-01,高雄市,-230.0
128,2017-11-01,高雄市,55.0
129,2017-12-01,高雄市,66.0
130,2018-01-01,高雄市,-126.0
131,2018-02-01,高雄市,-420.0
132,2018-03-01,高雄市,-431.0
133,2018-04-01,高雄市,-617.0
134,2018-05-01,高雄市,-995.0
135,2018-06-01,高雄市,-391.0
136,2018-07-01,高雄市,-426.0
137,2018-08-01,高雄市,-413.0
138,2018-09-01,高雄市,-273.0
139,2018-10-01,高雄市,-196.0
140,2018-11-01,高雄市,377.0
141,2018-12-01,高雄市,532.0
142,2019-01-01,高雄市,74.0
143,2019-02-01,高雄市,-11.0
144,2019-03-01,高雄市,-325.0
145,2019-04-01,高雄市,-42.0
146,2019-05-01,高雄市,-203.0
147,2019-06-01,高雄市,151.0
148,2019-07-01,高雄市,414.0
149,2019-08-01,高雄市,195.0
151,2007-04-01,雲林縣,-284.0
152,2007-05-01,雲林縣,-176.0
153,2007-06-01,雲林縣,-118.0
154,2007-07-01,雲林縣,-291.0
155,2007-08-01,雲林縣,-263.0
156,2007-09-01,雲林縣,-365.0
157,2007-10-01,雲林縣,-19.0
158,2007-11-01,雲林縣,-171.0
159,2007-12-01,雲林縣,-87.0
160,2008-01-01,雲林縣,-296.0
161,2008-02-01,雲林縣,51.0
162,2008-03-01,雲林縣,-49.0
163,2008-04-01,雲林縣,113.0
164,2008-05-01,雲林縣,-23.0
165,2008-06-01,雲林縣,-231.0
166,2008-07-01,雲林縣,-243.0
167,2008-08-01,雲林縣,-356.0
168,2008-09-01,雲林縣,-304.0
169,2008-10-01,雲林縣,-23.0
170,2008-11-01,雲林縣,-73.0
171,2008-12-01,雲林縣,-564.0
172,2009-01-01,雲林縣,26.0
173,2009-02-01,雲林縣,-251.0
174,2009-03-01,雲林縣,-175.0
175,2009-04-01,雲林縣,-303.0
176,2009-05-01,雲林縣,67.0
177,2009-06-01,雲林縣,27.0
178,2009-07-01,雲林縣,46.0
179,2009-08-01,雲林縣,-253.0
180,2009-09-01,雲林縣,-251.0
181,2009-10-01,雲林縣,224.0
182,2009-11-01,雲林縣,-54.0
183,2009-12-01,雲林縣,18.0
184,2010-01-01,雲林縣,-107.0
185,2010-02-01,雲林縣,-73.0
186,2010-03-01,雲林縣,-831.0
187,2010-04-01,雲林縣,-663.0
188,2010-05-01,雲林縣,-652.0
189,2010-06-01,雲林縣,-1798.0
190,2010-07-01,雲林縣,-440.0
191,2010-08-01,雲林縣,-35.0
192,2010-09-01,雲林縣,-142.0
193,2010-10-01,雲林縣,-139.0
194,2010-11-01,雲林縣,-152.0
195,2010-12-01,雲林縣,-110.0
196,2011-01-01,雲林縣,-522.0
197,2011-02-01,雲林縣,-304.0
198,2011-03-01,雲林縣,-370.0
199,2011-04-01,雲林縣,-356.0
200,2011-05-01,雲林縣,-331.0
201,2011-06-01,雲林縣,-482.0
202,2011-07-01,雲林縣,-412.0
203,2011-08-01,雲林縣,-337.0
204,2011-09-01,雲林縣,-294.0
205,2011-10-01,雲林縣,-167.0
206,2011-11-01,雲林縣,-322.0
207,2011-12-01,雲林縣,-200.0
208,2012-01-01,雲林縣,-261.0
209,2012-02-01,雲林縣,-306.0
210,2012-03-01,雲林縣,-242.0
211,2012-04-01,雲林縣,-218.0
212,2012-05-01,雲林縣,-427.0
213,2012-06-01,雲林縣,-215.0
214,2012-07-01,雲林縣,-349.0
215,2012-08-01,雲林縣,-144.0
216,2012-09-01,雲林縣,-353.0
217,2012-10-01,雲林縣,142.0
218,2012-11-01,雲林縣,-183.0
219,2012-12-01,雲林縣,-9.0
220,2013-01-01,雲林縣,-162.0
221,2013-02-01,雲林縣,-255.0
222,2013-03-01,雲林縣,-305.0
223,2013-04-01,雲林縣,-455.0
224,2013-05-01,雲林縣,-116.0
225,2013-06-01,雲林縣,-207.0
226,2013-07-01,雲林縣,-289.0
227,2013-08-01,雲林縣,-338.0
228,2013-09-01,雲林縣,-290.0
229,2013-10-01,雲林縣,-201.0
230,2013-11-01,雲林縣,-329.0
231,2013-12-01,雲林縣,-252.0
232,2014-01-01,雲林縣,-403.0
233,2014-02-01,雲林縣,-201.0
234,2014-03-01,雲林縣,-230.0
235,2014-04-01,雲林縣,193.0
236,2014-05-01,雲林縣,48.0
237,2014-06-01,雲林縣,83.0
238,2014-07-01,雲林縣,-83.0
239,2014-08-01,雲林縣,-258.0
240,2014-09-01,雲林縣,-253.0
241,2014-10-01,雲林縣,-54.0
242,2014-11-01,雲林縣,-460.0
243,2014-12-01,雲林縣,-818.0
244,2015-01-01,雲林縣,-572.0
245,2015-02-01,雲林縣,-543.0
246,2015-03-01,雲林縣,-834.0
247,2015-04-01,雲林縣,-526.0
248,2015-05-01,雲林縣,-577.0
249,2015-06-01,雲林縣,-406.0
250,2015-07-01,雲林縣,-618.0
251,2015-08-01,雲林縣,-434.0
252,2015-09-01,雲林縣,-409.0
253,2015-10-01,雲林縣,-310.0
254,2015-11-01,雲林縣,-334.0
255,2015-12-01,雲林縣,-160.0
256,2016-01-01,雲林縣,-397.0
257,2016-02-01,雲林縣,-483.0
258,2016-03-01,雲林縣,-566.0
259,2016-04-01,雲林縣,-435.0
260,2016-05-01,雲林縣,-434.0
261,2016-06-01,雲林縣,-213.0
262,2016-07-01,雲林縣,-414.0
263,2016-08-01,雲林縣,-376.0
264,2016-09-01,雲林縣,-390.0
265,2016-10-01,雲林縣,-297.0
266,2016-11-01,雲林縣,-433.0
267,2016-12-01,雲林縣,-322.0
268,2017-01-01,雲林縣,-354.0
269,2017-02-01,雲林縣,-532.0
270,2017-03-01,雲林縣,-462.0
271,2017-04-01,雲林縣,-316.0
272,2017-05-01,雲林縣,-391.0
273,2017-06-01,雲林縣,-248.0
274,2017-07-01,雲林縣,-496.0
275,2017-08-01,雲林縣,-401.0
276,2017-09-01,雲林縣,-325.0
277,2017-10-01,雲林縣,-327.0
278,2017-11-01,雲林縣,-359.0
279,2017-12-01,雲林縣,-289.0
280,2018-01-01,雲林縣,-512.0
281,2018-02-01,雲林縣,-398.0
282,2018-03-01,雲林縣,-365.0
283,2018-04-01,雲林縣,-95.0
284,2018-05-01,雲林縣,-222.0
285,2018-06-01,雲林縣,-64.0
286,2018-07-01,雲林縣,-158.0
287,2018-08-01,雲林縣,-478.0
288,2018-09-01,雲林縣,-435.0
289,2018-10-01,雲林縣,-451.0
290,2018-11-01,雲林縣,-521.0
291,2018-12-01,雲林縣,-652.0
292,2019-01-01,雲林縣,-668.0
293,2019-02-01,雲林縣,-595.0
294,2019-03-01,雲林縣,-518.0
295,2019-04-01,雲林縣,-343.0
296,2019-05-01,雲林縣,-309.0
297,2019-06-01,雲林縣,-271.0
298,2019-07-01,雲林縣,-406.0
299,2019-08-01,雲林縣,-335.0
301,2007-04-01,金門縣,534.0
302,2007-05-01,金門縣,300.0
303,2007-06-01,金門縣,316.0
304,2007-07-01,金門縣,422.0
305,2007-08-01,金門縣,420.0
306,2007-09-01,金門縣,326.0
307,2007-10-01,金門縣,445.0
308,2007-11-01,金門縣,465.0
309,2007-12-01,金門縣,446.0
310,2008-01-01,金門縣,356.0
311,2008-02-01,金門縣,160.0
312,2008-03-01,金門縣,260.0
313,2008-04-01,金門縣,445.0
314,2008-05-01,金門縣,310.0
315,2008-06-01,金門縣,147.0
316,2008-07-01,金門縣,104.0
317,2008-08-01,金門縣,168.0
318,2008-09-01,金門縣,122.0
319,2008-10-01,金門縣,116.0
320,2008-11-01,金門縣,373.0
321,2008-12-01,金門縣,462.0
322,2009-01-01,金門縣,271.0
323,2009-02-01,金門縣,714.0
324,2009-03-01,金門縣,709.0
325,2009-04-01,金門縣,1192.0
326,2009-05-01,金門縣,678.0
327,2009-06-01,金門縣,1337.0
328,2009-07-01,金門縣,1060.0
329,2009-08-01,金門縣,730.0
330,2009-09-01,金門縣,629.0
331,2009-10-01,金門縣,712.0
332,2009-11-01,金門縣,505.0
333,2009-12-01,金門縣,696.0
334,2010-01-01,金門縣,402.0
335,2010-02-01,金門縣,269.0
336,2010-03-01,金門縣,227.0
337,2010-04-01,金門縣,210.0
338,2010-05-01,金門縣,127.0
339,2010-06-01,金門縣,107.0
340,2010-07-01,金門縣,264.0
341,2010-08-01,金門縣,374.0
342,2010-09-01,金門縣,308.0
343,2010-10-01,金門縣,531.0
344,2010-11-01,金門縣,359.0
345,2010-12-01,金門縣,383.0
346,2011-01-01,金門縣,369.0
347,2011-02-01,金門縣,236.0
348,2011-03-01,金門縣,217.0
349,2011-04-01,金門縣,455.0
350,2011-05-01,金門縣,637.0
351,2011-06-01,金門縣,413.0
352,2011-07-01,金門縣,557.0
353,2011-08-01,金門縣,846.0
354,2011-09-01,金門縣,970.0
355,2011-10-01,金門縣,763.0
356,2011-11-01,金門縣,513.0
357,2011-12-01,金門縣,543.0
358,2012-01-01,金門縣,655.0
359,2012-02-01,金門縣,896.0
360,2012-03-01,金門縣,924.0
361,2012-04-01,金門縣,840.0
362,2012-05-01,金門縣,448.0
363,2012-06-01,金門縣,501.0
364,2012-07-01,金門縣,816.0
365,2012-08-01,金門縣,765.0
366,2012-09-01,金門縣,1123.0
367,2012-10-01,金門縣,924.0
368,2012-11-01,金門縣,669.0
369,2012-12-01,金門縣,667.0
370,2013-01-01,金門縣,644.0
371,2013-02-01,金門縣,436.0
372,2013-03-01,金門縣,676.0
373,2013-04-01,金門縣,734.0
374,2013-05-01,金門縣,567.0
375,2013-06-01,金門縣,402.0
376,2013-07-01,金門縣,659.0
377,2013-08-01,金門縣,616.0
378,2013-09-01,金門縣,1079.0
379,2013-10-01,金門縣,610.0
380,2013-11-01,金門縣,503.0
381,2013-12-01,金門縣,676.0
382,2014-01-01,金門縣,548.0
383,2014-02-01,金門縣,488.0
384,2014-03-01,金門縣,547.0
385,2014-04-01,金門縣,660.0
386,2014-05-01,金門縣,556.0
387,2014-06-01,金門縣,435.0
388,2014-07-01,金門縣,669.0
389,2014-08-01,金門縣,473.0
390,2014-09-01,金門縣,1067.0
391,2014-10-01,金門縣,406.0
392,2014-11-01,金門縣,402.0
393,2014-12-01,金門縣,759.0
394,2015-01-01,金門縣,464.0
395,2015-02-01,金門縣,290.0
396,2015-03-01,金門縣,447.0
397,2015-04-01,金門縣,499.0
398,2015-05-01,金門縣,216.0
399,2015-06-01,金門縣,192.0
400,2015-07-01,金門縣,630.0
401,2015-08-01,金門縣,638.0
402,2015-09-01,金門縣,806.0
403,2015-10-01,金門縣,364.0
404,2015-11-01,金門縣,263.0
405,2015-12-01,金門縣,267.0
406,2016-01-01,金門縣,196.0
407,2016-02-01,金門縣,-35.0
408,2016-03-01,金門縣,38.0
409,2016-04-01,金門縣,88.0
410,2016-05-01,金門縣,64.0
411,2016-06-01,金門縣,35.0
412,2016-07-01,金門縣,263.0
413,2016-08-01,金門縣,208.0
414,2016-09-01,金門縣,763.0
415,2016-10-01,金門縣,268.0
416,2016-11-01,金門縣,171.0
417,2016-12-01,金門縣,256.0
418,2017-01-01,金門縣,109.0
419,2017-02-01,金門縣,12.0
420,2017-03-01,金門縣,107.0
421,2017-04-01,金門縣,98.0
422,2017-05-01,金門縣,95.0
423,2017-06-01,金門縣,28.0
424,2017-07-01,金門縣,253.0
425,2017-08-01,金門縣,188.0
426,2017-09-01,金門縣,808.0
427,2017-10-01,金門縣,230.0
428,2017-11-01,金門縣,213.0
429,2017-12-01,金門縣,201.0
430,2018-01-01,金門縣,121.0
431,2018-02-01,金門縣,48.0
432,2018-03-01,金門縣,17.0
433,2018-04-01,金門縣,88.0
434,2018-05-01,金門縣,130.0
435,2018-06-01,金門縣,-23.0
436,2018-07-01,金門縣,115.0
437,2018-08-01,金門縣,74.0
438,2018-09-01,金門縣,698.0
439,2018-10-01,金門縣,121.0
440,2018-11-01,金門縣,118.0
441,2018-12-01,金門縣,310.0
442,2019-01-01,金門縣,211.0
443,2019-02-01,金門縣,-58.0
444,2019-03-01,金門縣,-39.0
445,2019-04-01,金門縣,77.0
446,2019-05-01,金門縣,-24.0
447,2019-06-01,金門縣,-159.0
448,2019-07-01,金門縣,84.0
449,2019-08-01,金門縣,-46.0
451,2007-04-01,連江縣,-10.0
452,2007-05-01,連江縣,-1.0
453,2007-06-01,連江縣,24.0
454,2007-07-01,連江縣,38.0
455,2007-08-01,連江縣,11.0
456,2007-09-01,連江縣,15.0
457,2007-10-01,連江縣,42.0
458,2007-11-01,連江縣,16.0
459,2007-12-01,連江縣,10.0
460,2008-01-01,連江縣,8.0
461,2008-02-01,連江縣,0.0
462,2008-03-01,連江縣,24.0
463,2008-04-01,連江縣,8.0
464,2008-05-01,連江縣,-28.0
465,2008-06-01,連江縣,-17.0
466,2008-07-01,連江縣,-57.0
467,2008-08-01,連江縣,-29.0
468,2008-09-01,連江縣,-23.0
469,2008-10-01,連江縣,-1.0
470,2008-11-01,連江縣,-24.0
471,2008-12-01,連江縣,-52.0
472,2009-01-01,連江縣,-5.0
473,2009-02-01,連江縣,18.0
474,2009-03-01,連江縣,-7.0
475,2009-04-01,連江縣,10.0
476,2009-05-01,連江縣,8.0
477,2009-06-01,連江縣,19.0
478,2009-07-01,連江縣,63.0
479,2009-08-01,連江縣,-1.0
480,2009-09-01,連江縣,22.0
481,2009-10-01,連江縣,8.0
482,2009-11-01,連江縣,9.0
483,2009-12-01,連江縣,20.0
484,2010-01-01,連江縣,83.0
485,2010-02-01,連江縣,42.0
486,2010-03-01,連江縣,-28.0
487,2010-04-01,連江縣,-6.0
488,2010-05-01,連江縣,-25.0
489,2010-06-01,連江縣,-56.0
490,2010-07-01,連江縣,-3.0
491,2010-08-01,連江縣,23.0
492,2010-09-01,連江縣,8.0
493,2010-10-01,連江縣,-26.0
494,2010-11-01,連江縣,13.0
495,2010-12-01,連江縣,0.0
496,2011-01-01,連江縣,15.0
497,2011-02-01,連江縣,-22.0
498,2011-03-01,連江縣,33.0
499,2011-04-01,連江縣,21.0
500,2011-05-01,連江縣,0.0
501,2011-06-01,連江縣,19.0
502,2011-07-01,連江縣,-19.0
503,2011-08-01,連江縣,19.0
504,2011-09-01,連江縣,48.0
505,2011-10-01,連江縣,26.0
506,2011-11-01,連江縣,20.0
507,2011-12-01,連江縣,2.0
508,2012-01-01,連江縣,27.0
509,2012-02-01,連江縣,2.0
510,2012-03-01,連江縣,-4.0
511,2012-04-01,連江縣,-6.0
512,2012-05-01,連江縣,47.0
513,2012-06-01,連江縣,81.0
514,2012-07-01,連江縣,371.0
515,2012-08-01,連江縣,170.0
516,2012-09-01,連江縣,143.0
517,2012-10-01,連江縣,121.0
518,2012-11-01,連江縣,138.0
519,2012-12-01,連江縣,114.0
520,2013-01-01,連江縣,107.0
521,2013-02-01,連江縣,95.0
522,2013-03-01,連江縣,83.0
523,2013-04-01,連江縣,42.0
524,2013-05-01,連江縣,65.0
525,2013-06-01,連江縣,69.0
526,2013-07-01,連江縣,98.0
527,2013-08-01,連江縣,86.0
528,2013-09-01,連江縣,86.0
529,2013-10-01,連江縣,38.0
530,2013-11-01,連江縣,32.0
531,2013-12-01,連江縣,54.0
532,2014-01-01,連江縣,30.0
533,2014-02-01,連江縣,33.0
534,2014-03-01,連江縣,83.0
535,2014-04-01,連江縣,31.0
536,2014-05-01,連江縣,23.0
537,2014-06-01,連江縣,61.0
538,2014-07-01,連江縣,35.0
539,2014-08-01,連江縣,-23.0
540,2014-09-01,連江縣,43.0
541,2014-10-01,連江縣,31.0
542,2014-11-01,連江縣,16.0
543,2014-12-01,連江縣,-22.0
544,2015-01-01,連江縣,32.0
545,2015-02-01,連江縣,-4.0
546,2015-03-01,連江縣,-30.0
547,2015-04-01,連江縣,-19.0
548,2015-05-01,連江縣,-9.0
549,2015-06-01,連江縣,20.0
550,2015-07-01,連江縣,10.0
551,2015-08-01,連江縣,18.0
552,2015-09-01,連江縣,21.0
553,2015-10-01,連江縣,2.0
554,2015-11-01,連江縣,-1.0
555,2015-12-01,連江縣,1.0
556,2016-01-01,連江縣,-14.0
557,2016-02-01,連江縣,-10.0
558,2016-03-01,連江縣,7.0
559,2016-04-01,連江縣,-8.0
560,2016-05-01,連江縣,-4.0
561,2016-06-01,連江縣,18.0
562,2016-07-01,連江縣,-5.0
563,2016-08-01,連江縣,19.0
564,2016-09-01,連江縣,36.0
565,2016-10-01,連江縣,12.0
566,2016-11-01,連江縣,10.0
567,2016-12-01,連江縣,-13.0
568,2017-01-01,連江縣,54.0
569,2017-02-01,連江縣,1.0
570,2017-03-01,連江縣,28.0
571,2017-04-01,連江縣,9.0
572,2017-05-01,連江縣,9.0
573,2017-06-01,連江縣,20.0
574,2017-07-01,連江縣,11.0
575,2017-08-01,連江縣,29.0
576,2017-09-01,連江縣,10.0
577,2017-10-01,連江縣,57.0
578,2017-11-01,連江縣,18.0
579,2017-12-01,連江縣,39.0
580,2018-01-01,連江縣,26.0
581,2018-02-01,連江縣,-4.0
582,2018-03-01,連江縣,21.0
583,2018-04-01,連江縣,35.0
584,2018-05-01,連江縣,45.0
585,2018-06-01,連江縣,41.0
586,2018-07-01,連江縣,32.0
587,2018-08-01,連江縣,-2.0
588,2018-09-01,連江縣,-16.0
589,2018-10-01,連江縣,4.0
590,2018-11-01,連江縣,-20.0
591,2018-12-01,連江縣,14.0
592,2019-01-01,連江縣,23.0
593,2019-02-01,連江縣,-6.0
594,2019-03-01,連江縣,-20.0
595,2019-04-01,連江縣,3.0
596,2019-05-01,連江縣,39.0
597,2019-06-01,連江縣,0.0
598,2019-07-01,連江縣,-33.0
599,2019-08-01,連江縣,11.0
601,2007-04-01,苗栗縣,31.0
602,2007-05-01,苗栗縣,78.0
603,2007-06-01,苗栗縣,-42.0
604,2007-07-01,苗栗縣,74.0
605,2007-08-01,苗栗縣,38.0
606,2007-09-01,苗栗縣,-86.0
607,2007-10-01,苗栗縣,154.0
608,2007-11-01,苗栗縣,94.0
609,2007-12-01,苗栗縣,113.0
610,2008-01-01,苗栗縣,34.0
611,2008-02-01,苗栗縣,-38.0
612,2008-03-01,苗栗縣,-17.0
613,2008-04-01,苗栗縣,-222.0
614,2008-05-01,苗栗縣,-59.0
615,2008-06-01,苗栗縣,-10.0
616,2008-07-01,苗栗縣,63.0
617,2008-08-01,苗栗縣,-10.0
618,2008-09-01,苗栗縣,55.0
619,2008-10-01,苗栗縣,208.0
620,2008-11-01,苗栗縣,230.0
621,2008-12-01,苗栗縣,0.0
622,2009-01-01,苗栗縣,219.0
623,2009-02-01,苗栗縣,-68.0
624,2009-03-01,苗栗縣,96.0
625,2009-04-01,苗栗縣,2.0
626,2009-05-01,苗栗縣,-15.0
627,2009-06-01,苗栗縣,-50.0
628,2009-07-01,苗栗縣,213.0
629,2009-08-01,苗栗縣,181.0
630,2009-09-01,苗栗縣,122.0
631,2009-10-01,苗栗縣,218.0
632,2009-11-01,苗栗縣,234.0
633,2009-12-01,苗栗縣,195.0
634,2010-01-01,苗栗縣,202.0
635,2010-02-01,苗栗縣,0.0
636,2010-03-01,苗栗縣,-324.0
637,2010-04-01,苗栗縣,-230.0
638,2010-05-01,苗栗縣,-73.0
639,2010-06-01,苗栗縣,-1398.0
640,2010-07-01,苗栗縣,293.0
641,2010-08-01,苗栗縣,347.0
642,2010-09-01,苗栗縣,-4.0
643,2010-10-01,苗栗縣,60.0
644,2010-11-01,苗栗縣,178.0
645,2010-12-01,苗栗縣,173.0
646,2011-01-01,苗栗縣,48.0
647,2011-02-01,苗栗縣,-126.0
648,2011-03-01,苗栗縣,-88.0
649,2011-04-01,苗栗縣,-11.0
650,2011-05-01,苗栗縣,-25.0
651,2011-06-01,苗栗縣,47.0
652,2011-07-01,苗栗縣,127.0
653,2011-08-01,苗栗縣,286.0
654,2011-09-01,苗栗縣,69.0
655,2011-10-01,苗栗縣,228.0
656,2011-11-01,苗栗縣,310.0
657,2011-12-01,苗栗縣,177.0
658,2012-01-01,苗栗縣,154.0
659,2012-02-01,苗栗縣,26.0
660,2012-03-01,苗栗縣,69.0
661,2012-04-01,苗栗縣,113.0
662,2012-05-01,苗栗縣,135.0
663,2012-06-01,苗栗縣,177.0
664,2012-07-01,苗栗縣,78.0
665,2012-08-01,苗栗縣,126.0
666,2012-09-01,苗栗縣,125.0
667,2012-10-01,苗栗縣,287.0
668,2012-11-01,苗栗縣,360.0
669,2012-12-01,苗栗縣,316.0
670,2013-01-01,苗栗縣,247.0
671,2013-02-01,苗栗縣,120.0
672,2013-03-01,苗栗縣,43.0
673,2013-04-01,苗栗縣,-32.0
674,2013-05-01,苗栗縣,138.0
675,2013-06-01,苗栗縣,155.0
676,2013-07-01,苗栗縣,159.0
677,2013-08-01,苗栗縣,217.0
678,2013-09-01,苗栗縣,84.0
679,2013-10-01,苗栗縣,145.0
680,2013-11-01,苗栗縣,117.0
681,2013-12-01,苗栗縣,185.0
682,2014-01-01,苗栗縣,107.0
683,2014-02-01,苗栗縣,5.0
684,2014-03-01,苗栗縣,27.0
685,2014-04-01,苗栗縣,272.0
686,2014-05-01,苗栗縣,297.0
687,2014-06-01,苗栗縣,184.0
688,2014-07-01,苗栗縣,258.0
689,2014-08-01,苗栗縣,114.0
690,2014-09-01,苗栗縣,100.0
691,2014-10-01,苗栗縣,126.0
692,2014-11-01,苗栗縣,158.0
693,2014-12-01,苗栗縣,-70.0
694,2015-01-01,苗栗縣,-40.0
695,2015-02-01,苗栗縣,-88.0
696,2015-03-01,苗栗縣,-419.0
697,2015-04-01,苗栗縣,-386.0
698,2015-05-01,苗栗縣,-404.0
699,2015-06-01,苗栗縣,-91.0
700,2015-07-01,苗栗縣,-404.0
701,2015-08-01,苗栗縣,-445.0
702,2015-09-01,苗栗縣,-306.0
703,2015-10-01,苗栗縣,-244.0
704,2015-11-01,苗栗縣,-194.0
705,2015-12-01,苗栗縣,-199.0
706,2016-01-01,苗栗縣,-423.0
707,2016-02-01,苗栗縣,-405.0
708,2016-03-01,苗栗縣,-611.0
709,2016-04-01,苗栗縣,-340.0
710,2016-05-01,苗栗縣,-378.0
711,2016-06-01,苗栗縣,-260.0
712,2016-07-01,苗栗縣,-357.0
713,2016-08-01,苗栗縣,-393.0
714,2016-09-01,苗栗縣,-474.0
715,2016-10-01,苗栗縣,-385.0
716,2016-11-01,苗栗縣,-329.0
717,2016-12-01,苗栗縣,-368.0
718,2017-01-01,苗栗縣,-410.0
719,2017-02-01,苗栗縣,-406.0
720,2017-03-01,苗栗縣,-632.0
721,2017-04-01,苗栗縣,-516.0
722,2017-05-01,苗栗縣,-587.0
723,2017-06-01,苗栗縣,-314.0
724,2017-07-01,苗栗縣,-352.0
725,2017-08-01,苗栗縣,-487.0
726,2017-09-01,苗栗縣,-436.0
727,2017-10-01,苗栗縣,-397.0
728,2017-11-01,苗栗縣,-385.0
729,2017-12-01,苗栗縣,-460.0
730,2018-01-01,苗栗縣,-562.0
731,2018-02-01,苗栗縣,-438.0
732,2018-03-01,苗栗縣,-646.0
733,2018-04-01,苗栗縣,-370.0
734,2018-05-01,苗栗縣,-454.0
735,2018-06-01,苗栗縣,-255.0
736,2018-07-01,苗栗縣,-257.0
737,2018-08-01,苗栗縣,-439.0
738,2018-09-01,苗栗縣,-301.0
739,2018-10-01,苗栗縣,-287.0
740,2018-11-01,苗栗縣,-393.0
741,2018-12-01,苗栗縣,-542.0
742,2019-01-01,苗栗縣,-460.0
743,2019-02-01,苗栗縣,-279.0
744,2019-03-01,苗栗縣,-432.0
745,2019-04-01,苗栗縣,-305.0
746,2019-05-01,苗栗縣,-350.0
747,2019-06-01,苗栗縣,-347.0
748,2019-07-01,苗栗縣,-229.0
749,2019-08-01,苗栗縣,-37.0
751,2007-04-01,花蓮縣,-97.0
752,2007-05-01,花蓮縣,-117.0
753,2007-06-01,花蓮縣,-249.0
754,2007-07-01,花蓮縣,-153.0
755,2007-08-01,花蓮縣,-247.0
756,2007-09-01,花蓮縣,-77.0
757,2007-10-01,花蓮縣,-36.0
758,2007-11-01,花蓮縣,-113.0
759,2007-12-01,花蓮縣,-159.0
760,2008-01-01,花蓮縣,-40.0
761,2008-02-01,花蓮縣,-120.0
762,2008-03-01,花蓮縣,-116.0
763,2008-04-01,花蓮縣,-128.0
764,2008-05-01,花蓮縣,-198.0
765,2008-06-01,花蓮縣,-184.0
766,2008-07-01,花蓮縣,-116.0
767,2008-08-01,花蓮縣,-397.0
768,2008-09-01,花蓮縣,-160.0
769,2008-10-01,花蓮縣,-51.0
770,2008-11-01,花蓮縣,-83.0
771,2008-12-01,花蓮縣,-276.0
772,2009-01-01,花蓮縣,71.0
773,2009-02-01,花蓮縣,-241.0
774,2009-03-01,花蓮縣,-41.0
775,2009-04-01,花蓮縣,-176.0
776,2009-05-01,花蓮縣,-14.0
777,2009-06-01,花蓮縣,-129.0
778,2009-07-01,花蓮縣,44.0
779,2009-08-01,花蓮縣,54.0
780,2009-09-01,花蓮縣,-126.0
781,2009-10-01,花蓮縣,35.0
782,2009-11-01,花蓮縣,39.0
783,2009-12-01,花蓮縣,15.0
784,2010-01-01,花蓮縣,62.0
785,2010-02-01,花蓮縣,-29.0
786,2010-03-01,花蓮縣,-203.0
787,2010-04-01,花蓮縣,-89.0
788,2010-05-01,花蓮縣,-282.0
789,2010-06-01,花蓮縣,-752.0
790,2010-07-01,花蓮縣,-12.0
791,2010-08-01,花蓮縣,-113.0
792,2010-09-01,花蓮縣,-251.0
793,2010-10-01,花蓮縣,-203.0
794,2010-11-01,花蓮縣,-131.0
795,2010-12-01,花蓮縣,-156.0
796,2011-01-01,花蓮縣,-171.0
797,2011-02-01,花蓮縣,-153.0
798,2011-03-01,花蓮縣,-205.0
799,2011-04-01,花蓮縣,-228.0
800,2011-05-01,花蓮縣,-290.0
801,2011-06-01,花蓮縣,-201.0
802,2011-07-01,花蓮縣,-175.0
803,2011-08-01,花蓮縣,-189.0
804,2011-09-01,花蓮縣,-215.0
805,2011-10-01,花蓮縣,-93.0
806,2011-11-01,花蓮縣,-49.0
807,2011-12-01,花蓮縣,2.0
808,2012-01-01,花蓮縣,-105.0
809,2012-02-01,花蓮縣,-112.0
810,2012-03-01,花蓮縣,-136.0
811,2012-04-01,花蓮縣,-167.0
812,2012-05-01,花蓮縣,-242.0
813,2012-06-01,花蓮縣,-56.0
814,2012-07-01,花蓮縣,-226.0
815,2012-08-01,花蓮縣,-272.0
816,2012-09-01,花蓮縣,-191.0
817,2012-10-01,花蓮縣,-43.0
818,2012-11-01,花蓮縣,-65.0
819,2012-12-01,花蓮縣,-33.0
820,2013-01-01,花蓮縣,-201.0
821,2013-02-01,花蓮縣,2.0
822,2013-03-01,花蓮縣,-119.0
823,2013-04-01,花蓮縣,-160.0
824,2013-05-01,花蓮縣,-199.0
825,2013-06-01,花蓮縣,-45.0
826,2013-07-01,花蓮縣,-166.0
827,2013-08-01,花蓮縣,-174.0
828,2013-09-01,花蓮縣,-89.0
829,2013-10-01,花蓮縣,-25.0
830,2013-11-01,花蓮縣,-53.0
831,2013-12-01,花蓮縣,-64.0
832,2014-01-01,花蓮縣,-74.0
833,2014-02-01,花蓮縣,-170.0
834,2014-03-01,花蓮縣,-14.0
835,2014-04-01,花蓮縣,55.0
836,2014-05-01,花蓮縣,-26.0
837,2014-06-01,花蓮縣,-38.0
838,2014-07-01,花蓮縣,77.0
839,2014-08-01,花蓮縣,26.0
840,2014-09-01,花蓮縣,-202.0
841,2014-10-01,花蓮縣,-118.0
842,2014-11-01,花蓮縣,71.0
843,2014-12-01,花蓮縣,-92.0
844,2015-01-01,花蓮縣,-152.0
845,2015-02-01,花蓮縣,-170.0
846,2015-03-01,花蓮縣,-233.0
847,2015-04-01,花蓮縣,-163.0
848,2015-05-01,花蓮縣,-202.0
849,2015-06-01,花蓮縣,-48.0
850,2015-07-01,花蓮縣,-182.0
851,2015-08-01,花蓮縣,-151.0
852,2015-09-01,花蓮縣,-65.0
853,2015-10-01,花蓮縣,37.0
854,2015-11-01,花蓮縣,-30.0
855,2015-12-01,花蓮縣,-88.0
856,2016-01-01,花蓮縣,-100.0
857,2016-02-01,花蓮縣,-44.0
858,2016-03-01,花蓮縣,-168.0
859,2016-04-01,花蓮縣,-135.0
860,2016-05-01,花蓮縣,-119.0
861,2016-06-01,花蓮縣,-7.0
862,2016-07-01,花蓮縣,-49.0
863,2016-08-01,花蓮縣,9.0
864,2016-09-01,花蓮縣,-109.0
865,2016-10-01,花蓮縣,-158.0
866,2016-11-01,花蓮縣,-135.0
867,2016-12-01,花蓮縣,-19.0
868,2017-01-01,花蓮縣,-101.0
869,2017-02-01,花蓮縣,-119.0
870,2017-03-01,花蓮縣,-207.0
871,2017-04-01,花蓮縣,-141.0
872,2017-05-01,花蓮縣,-204.0
873,2017-06-01,花蓮縣,-163.0
874,2017-07-01,花蓮縣,-131.0
875,2017-08-01,花蓮縣,-169.0
876,2017-09-01,花蓮縣,-145.0
877,2017-10-01,花蓮縣,-69.0
878,2017-11-01,花蓮縣,-88.0
879,2017-12-01,花蓮縣,-137.0
880,2018-01-01,花蓮縣,-221.0
881,2018-02-01,花蓮縣,-163.0
882,2018-03-01,花蓮縣,-158.0
883,2018-04-01,花蓮縣,-12.0
884,2018-05-01,花蓮縣,38.0
885,2018-06-01,花蓮縣,28.0
886,2018-07-01,花蓮縣,-40.0
887,2018-08-01,花蓮縣,-108.0
888,2018-09-01,花蓮縣,-157.0
889,2018-10-01,花蓮縣,-113.0
890,2018-11-01,花蓮縣,-67.0
891,2018-12-01,花蓮縣,-296.0
892,2019-01-01,花蓮縣,-180.0
893,2019-02-01,花蓮縣,-134.0
894,2019-03-01,花蓮縣,-141.0
895,2019-04-01,花蓮縣,-164.0
896,2019-05-01,花蓮縣,-269.0
897,2019-06-01,花蓮縣,-94.0
898,2019-07-01,花蓮縣,-173.0
899,2019-08-01,花蓮縣,-33.0
901,2007-04-01,臺東縣,-89.0
902,2007-05-01,臺東縣,-198.0
903,2007-06-01,臺東縣,-267.0
904,2007-07-01,臺東縣,-217.0
905,2007-08-01,臺東縣,-331.0
906,2007-09-01,臺東縣,-170.0
907,2007-10-01,臺東縣,-113.0
908,2007-11-01,臺東縣,-116.0
909,2007-12-01,臺東縣,-65.0
910,2008-01-01,臺東縣,-51.0
911,2008-02-01,臺東縣,-118.0
912,2008-03-01,臺東縣,-181.0
913,2008-04-01,臺東縣,-134.0
914,2008-05-01,臺東縣,-285.0
915,2008-06-01,臺東縣,-228.0
916,2008-07-01,臺東縣,-211.0
917,2008-08-01,臺東縣,-194.0
918,2008-09-01,臺東縣,-151.0
919,2008-10-01,臺東縣,-44.0
920,2008-11-01,臺東縣,-8.0
921,2008-12-01,臺東縣,-206.0
922,2009-01-01,臺東縣,14.0
923,2009-02-01,臺東縣,-69.0
924,2009-03-01,臺東縣,99.0
925,2009-04-01,臺東縣,60.0
926,2009-05-01,臺東縣,-23.0
927,2009-06-01,臺東縣,141.0
928,2009-07-01,臺東縣,206.0
929,2009-08-01,臺東縣,13.0
930,2009-09-01,臺東縣,-55.0
931,2009-10-01,臺東縣,55.0
932,2009-11-01,臺東縣,92.0
933,2009-12-01,臺東縣,115.0
934,2010-01-01,臺東縣,324.0
935,2010-02-01,臺東縣,92.0
936,2010-03-01,臺東縣,-225.0
937,2010-04-01,臺東縣,-197.0
938,2010-05-01,臺東縣,-265.0
939,2010-06-01,臺東縣,-489.0
940,2010-07-01,臺東縣,-316.0
941,2010-08-01,臺東縣,-281.0
942,2010-09-01,臺東縣,-199.0
943,2010-10-01,臺東縣,-109.0
944,2010-11-01,臺東縣,-103.0
945,2010-12-01,臺東縣,-56.0
946,2011-01-01,臺東縣,-160.0
947,2011-02-01,臺東縣,-199.0
948,2011-03-01,臺東縣,-174.0
949,2011-04-01,臺東縣,-191.0
950,2011-05-01,臺東縣,-246.0
951,2011-06-01,臺東縣,-283.0
952,2011-07-01,臺東縣,-221.0
953,2011-08-01,臺東縣,-309.0
954,2011-09-01,臺東縣,-259.0
955,2011-10-01,臺東縣,-177.0
956,2011-11-01,臺東縣,-24.0
957,2011-12-01,臺東縣,-140.0
958,2012-01-01,臺東縣,-172.0
959,2012-02-01,臺東縣,-184.0
960,2012-03-01,臺東縣,-162.0
961,2012-04-01,臺東縣,-194.0
962,2012-05-01,臺東縣,-178.0
963,2012-06-01,臺東縣,-206.0
964,2012-07-01,臺東縣,-180.0
965,2012-08-01,臺東縣,-236.0
966,2012-09-01,臺東縣,-157.0
967,2012-10-01,臺東縣,-108.0
968,2012-11-01,臺東縣,-130.0
969,2012-12-01,臺東縣,-131.0
970,2013-01-01,臺東縣,-159.0
971,2013-02-01,臺東縣,-46.0
972,2013-03-01,臺東縣,-149.0
973,2013-04-01,臺東縣,-64.0
974,2013-05-01,臺東縣,-276.0
975,2013-06-01,臺東縣,-151.0
976,2013-07-01,臺東縣,-137.0
977,2013-08-01,臺東縣,-133.0
978,2013-09-01,臺東縣,-148.0
979,2013-10-01,臺東縣,-53.0
980,2013-11-01,臺東縣,-61.0
981,2013-12-01,臺東縣,-54.0
982,2014-01-01,臺東縣,-83.0
983,2014-02-01,臺東縣,15.0
984,2014-03-01,臺東縣,-78.0
985,2014-04-01,臺東縣,128.0
986,2014-05-01,臺東縣,102.0
987,2014-06-01,臺東縣,136.0
988,2014-07-01,臺東縣,129.0
989,2014-08-01,臺東縣,-109.0
990,2014-09-01,臺東縣,-130.0
991,2014-10-01,臺東縣,-124.0
992,2014-11-01,臺東縣,-88.0
993,2014-12-01,臺東縣,-249.0
994,2015-01-01,臺東縣,-252.0
995,2015-02-01,臺東縣,-126.0
996,2015-03-01,臺東縣,-261.0
997,2015-04-01,臺東縣,-272.0
998,2015-05-01,臺東縣,-233.0
999,2015-06-01,臺東縣,-137.0
1000,2015-07-01,臺東縣,-164.0
1001,2015-08-01,臺東縣,-58.0
1002,2015-09-01,臺東縣,-57.0
1003,2015-10-01,臺東縣,-202.0
1004,2015-11-01,臺東縣,-63.0
1005,2015-12-01,臺東縣,-193.0
1006,2016-01-01,臺東縣,-208.0
1007,2016-02-01,臺東縣,-126.0
1008,2016-03-01,臺東縣,-144.0
1009,2016-04-01,臺東縣,-157.0
1010,2016-05-01,臺東縣,-184.0
1011,2016-06-01,臺東縣,-129.0
1012,2016-07-01,臺東縣,-96.0
1013,2016-08-01,臺東縣,-84.0
1014,2016-09-01,臺東縣,-125.0
1015,2016-10-01,臺東縣,-101.0
1016,2016-11-01,臺東縣,-156.0
1017,2016-12-01,臺東縣,-140.0
1018,2017-01-01,臺東縣,-90.0
1019,2017-02-01,臺東縣,-80.0
1020,2017-03-01,臺東縣,-167.0
1021,2017-04-01,臺東縣,-221.0
1022,2017-05-01,臺東縣,-53.0
1023,2017-06-01,臺東縣,-108.0
1024,2017-07-01,臺東縣,-109.0
1025,2017-08-01,臺東縣,-95.0
1026,2017-09-01,臺東縣,-163.0
1027,2017-10-01,臺東縣,-30.0
1028,2017-11-01,臺東縣,-59.0
1029,2017-12-01,臺東縣,-87.0
1030,2018-01-01,臺東縣,-73.0
1031,2018-02-01,臺東縣,-31.0
1032,2018-03-01,臺東縣,30.0
1033,2018-04-01,臺東縣,162.0
1034,2018-05-01,臺東縣,116.0
1035,2018-06-01,臺東縣,-101.0
1036,2018-07-01,臺東縣,-59.0
1037,2018-08-01,臺東縣,-95.0
1038,2018-09-01,臺東縣,-147.0
1039,2018-10-01,臺東縣,-74.0
1040,2018-11-01,臺東縣,-123.0
1041,2018-12-01,臺東縣,-226.0
1042,2019-01-01,臺東縣,-228.0
1043,2019-02-01,臺東縣,-178.0
1044,2019-03-01,臺東縣,-257.0
1045,2019-04-01,臺東縣,-137.0
1046,2019-05-01,臺東縣,-183.0
1047,2019-06-01,臺東縣,-215.0
1048,2019-07-01,臺東縣,-181.0
1049,2019-08-01,臺東縣,-132.0
1051,2007-04-01,臺南市,320.0
1052,2007-05-01,臺南市,371.0
1053,2007-06-01,臺南市,132.0
1054,2007-07-01,臺南市,305.0
1055,2007-08-01,臺南市,189.0
1056,2007-09-01,臺南市,73.0
1057,2007-10-01,臺南市,249.0
1058,2007-11-01,臺南市,579.0
1059,2007-12-01,臺南市,665.0
1060,2008-01-01,臺南市,286.0
1061,2008-02-01,臺南市,97.0
1062,2008-03-01,臺南市,335.0
1063,2008-04-01,臺南市,419.0
1064,2008-05-01,臺南市,200.0
1065,2008-06-01,臺南市,111.0
1066,2008-07-01,臺南市,343.0
1067,2008-08-01,臺南市,178.0
1068,2008-09-01,臺南市,40.0
1069,2008-10-01,臺南市,386.0
1070,2008-11-01,臺南市,550.0
1071,2008-12-01,臺南市,-1.0
1072,2009-01-01,臺南市,544.0
1073,2009-02-01,臺南市,-323.0
1074,2009-03-01,臺南市,452.0
1075,2009-04-01,臺南市,-159.0
1076,2009-05-01,臺南市,235.0
1077,2009-06-01,臺南市,-73.0
1078,2009-07-01,臺南市,242.0
1079,2009-08-01,臺南市,349.0
1080,2009-09-01,臺南市,40.0
1081,2009-10-01,臺南市,591.0
1082,2009-11-01,臺南市,243.0
1083,2009-12-01,臺南市,260.0
1084,2010-01-01,臺南市,-162.0
1085,2010-02-01,臺南市,-179.0
1086,2010-03-01,臺南市,100.0
1087,2010-04-01,臺南市,-25.0
1088,2010-05-01,臺南市,-346.0
1089,2010-06-01,臺南市,-1223.0
1090,2010-07-01,臺南市,452.0
1091,2010-08-01,臺南市,10.0
1092,2010-09-01,臺南市,-279.0
1093,2010-10-01,臺南市,65.0
1094,2010-11-01,臺南市,100.0
1095,2010-12-01,臺南市,-125.0
1096,2011-01-01,臺南市,-388.0
1097,2011-02-01,臺南市,-230.0
1098,2011-03-01,臺南市,-243.0
1099,2011-04-01,臺南市,260.0
1100,2011-05-01,臺南市,175.0
1101,2011-06-01,臺南市,1356.0
1102,2011-07-01,臺南市,767.0
1103,2011-08-01,臺南市,146.0
1104,2011-09-01,臺南市,394.0
1105,2011-10-01,臺南市,281.0
1106,2011-11-01,臺南市,394.0
1107,2011-12-01,臺南市,254.0
1108,2012-01-01,臺南市,155.0
1109,2012-02-01,臺南市,282.0
1110,2012-03-01,臺南市,381.0
1111,2012-04-01,臺南市,299.0
1112,2012-05-01,臺南市,237.0
1113,2012-06-01,臺南市,481.0
1114,2012-07-01,臺南市,227.0
1115,2012-08-01,臺南市,484.0
1116,2012-09-01,臺南市,138.0
1117,2012-10-01,臺南市,716.0
1118,2012-11-01,臺南市,666.0
1119,2012-12-01,臺南市,619.0
1120,2013-01-01,臺南市,260.0
1121,2013-02-01,臺南市,213.0
1122,2013-03-01,臺南市,251.0
1123,2013-04-01,臺南市,106.0
1124,2013-05-01,臺南市,-123.0
1125,2013-06-01,臺南市,174.0
1126,2013-07-01,臺南市,94.0
1127,2013-08-01,臺南市,154.0
1128,2013-09-01,臺南市,29.0
1129,2013-10-01,臺南市,-26.0
1130,2013-11-01,臺南市,337.0
1131,2013-12-01,臺南市,94.0
1132,2014-01-01,臺南市,43.0
1133,2014-02-01,臺南市,-218.0
1134,2014-03-01,臺南市,44.0
1135,2014-04-01,臺南市,25.0
1136,2014-05-01,臺南市,-237.0
1137,2014-06-01,臺南市,177.0
1138,2014-07-01,臺南市,-96.0
1139,2014-08-01,臺南市,505.0
1140,2014-09-01,臺南市,42.0
1141,2014-10-01,臺南市,69.0
1142,2014-11-01,臺南市,282.0
1143,2014-12-01,臺南市,440.0
1144,2015-01-01,臺南市,357.0
1145,2015-02-01,臺南市,222.0
1146,2015-03-01,臺南市,243.0
1147,2015-04-01,臺南市,181.0
1148,2015-05-01,臺南市,-47.0
1149,2015-06-01,臺南市,136.0
1150,2015-07-01,臺南市,-299.0
1151,2015-08-01,臺南市,2.0
1152,2015-09-01,臺南市,-42.0
1153,2015-10-01,臺南市,138.0
1154,2015-11-01,臺南市,215.0
1155,2015-12-01,臺南市,151.0
1156,2016-01-01,臺南市,9.0
1157,2016-02-01,臺南市,-97.0
1158,2016-03-01,臺南市,-296.0
1159,2016-04-01,臺南市,95.0
1160,2016-05-01,臺南市,-53.0
1161,2016-06-01,臺南市,189.0
1162,2016-07-01,臺南市,241.0
1163,2016-08-01,臺南市,-28.0
1164,2016-09-01,臺南市,-102.0
1165,2016-10-01,臺南市,104.0
1166,2016-11-01,臺南市,50.0
1167,2016-12-01,臺南市,380.0
1168,2017-01-01,臺南市,42.0
1169,2017-02-01,臺南市,85.0
1170,2017-03-01,臺南市,208.0
1171,2017-04-01,臺南市,268.0
1172,2017-05-01,臺南市,-163.0
1173,2017-06-01,臺南市,29.0
1174,2017-07-01,臺南市,-235.0
1175,2017-08-01,臺南市,-122.0
1176,2017-09-01,臺南市,-57.0
1177,2017-10-01,臺南市,299.0
1178,2017-11-01,臺南市,78.0
1179,2017-12-01,臺南市,57.0
1180,2018-01-01,臺南市,-271.0
1181,2018-02-01,臺南市,-177.0
1182,2018-03-01,臺南市,-192.0
1183,2018-04-01,臺南市,-404.0
1184,2018-05-01,臺南市,-543.0
1185,2018-06-01,臺南市,-218.0
1186,2018-07-01,臺南市,-121.0
1187,2018-08-01,臺南市,-269.0
1188,2018-09-01,臺南市,-291.0
1189,2018-10-01,臺南市,-232.0
1190,2018-11-01,臺南市,-44.0
1191,2018-12-01,臺南市,71.0
1192,2019-01-01,臺南市,-108.0
1193,2019-02-01,臺南市,-275.0
1194,2019-03-01,臺南市,-92.0
1195,2019-04-01,臺南市,-278.0
1196,2019-05-01,臺南市,-454.0
1197,2019-06-01,臺南市,-311.0
1198,2019-07-01,臺南市,-517.0
1199,2019-08-01,臺南市,-66.0
1201,2007-04-01,臺北市,873.0
1202,2007-05-01,臺北市,86.0
1203,2007-06-01,臺北市,758.0
1204,2007-07-01,臺北市,340.0
1205,2007-08-01,臺北市,-1077.0
1206,2007-09-01,臺北市,-1894.0
1207,2007-10-01,臺北市,745.0
1208,2007-11-01,臺北市,1423.0
1209,2007-12-01,臺北市,1742.0
1210,2008-01-01,臺北市,420.0
1211,2008-02-01,臺北市,1277.0
1212,2008-03-01,臺北市,639.0
1213,2008-04-01,臺北市,-639.0
1214,2008-05-01,臺北市,-451.0
1215,2008-06-01,臺北市,-324.0
1216,2008-07-01,臺北市,-1492.0
1217,2008-08-01,臺北市,-2585.0
1218,2008-09-01,臺北市,-3181.0
1219,2008-10-01,臺北市,-394.0
1220,2008-11-01,臺北市,-414.0
1221,2008-12-01,臺北市,798.0
1222,2009-01-01,臺北市,-833.0
1223,2009-02-01,臺北市,-1817.0
1224,2009-03-01,臺北市,-353.0
1225,2009-04-01,臺北市,-1444.0
1226,2009-05-01,臺北市,-910.0
1227,2009-06-01,臺北市,-1046.0
1228,2009-07-01,臺北市,-1235.0
1229,2009-08-01,臺北市,-2680.0
1230,2009-09-01,臺北市,-4009.0
1231,2009-10-01,臺北市,-410.0
1232,2009-11-01,臺北市,-307.0
1233,2009-12-01,臺北市,-451.0
1234,2010-01-01,臺北市,-1277.0
1235,2010-02-01,臺北市,-1088.0
1236,2010-03-01,臺北市,-319.0
1237,2010-04-01,臺北市,-1093.0
1238,2010-05-01,臺北市,499.0
1239,2010-06-01,臺北市,-1282.0
1240,2010-07-01,臺北市,2489.0
1241,2010-08-01,臺北市,-48.0
1242,2010-09-01,臺北市,3614.0
1243,2010-10-01,臺北市,4148.0
1244,2010-11-01,臺北市,2542.0
1245,2010-12-01,臺北市,3159.0
1246,2011-01-01,臺北市,4111.0
1247,2011-02-01,臺北市,1908.0
1248,2011-03-01,臺北市,2886.0
1249,2011-04-01,臺北市,2608.0
1250,2011-05-01,臺北市,2759.0
1251,2011-06-01,臺北市,2722.0
1252,2011-07-01,臺北市,2100.0
1253,2011-08-01,臺北市,1198.0
1254,2011-09-01,臺北市,1035.0
1255,2011-10-01,臺北市,3037.0
1256,2011-11-01,臺北市,3986.0
1257,2011-12-01,臺北市,3846.0
1258,2012-01-01,臺北市,1991.0
1259,2012-02-01,臺北市,989.0
1260,2012-03-01,臺北市,2564.0
1261,2012-04-01,臺北市,2173.0
1262,2012-05-01,臺北市,2332.0
1263,2012-06-01,臺北市,2246.0
1264,2012-07-01,臺北市,1224.0
1265,2012-08-01,臺北市,1115.0
1266,2012-09-01,臺北市,230.0
1267,2012-10-01,臺北市,2399.0
1268,2012-11-01,臺北市,2775.0
1269,2012-12-01,臺北市,2220.0
1270,2013-01-01,臺北市,1807.0
1271,2013-02-01,臺北市,1095.0
1272,2013-03-01,臺北市,1643.0
1273,2013-04-01,臺北市,1280.0
1274,2013-05-01,臺北市,1245.0
1275,2013-06-01,臺北市,1258.0
1276,2013-07-01,臺北市,818.0
1277,2013-08-01,臺北市,-355.0
1278,2013-09-01,臺北市,-433.0
1279,2013-10-01,臺北市,1255.0
1280,2013-11-01,臺北市,1728.0
1281,2013-12-01,臺北市,1949.0
1282,2014-01-01,臺北市,1624.0
1283,2014-02-01,臺北市,1187.0
1284,2014-03-01,臺北市,905.0
1285,2014-04-01,臺北市,1099.0
1286,2014-05-01,臺北市,807.0
1287,2014-06-01,臺北市,1534.0
1288,2014-07-01,臺北市,1355.0
1289,2014-08-01,臺北市,-20.0
1290,2014-09-01,臺北市,642.0
1291,2014-10-01,臺北市,1995.0
1292,2014-11-01,臺北市,2447.0
1293,2014-12-01,臺北市,2224.0
1294,2015-01-01,臺北市,1818.0
1295,2015-02-01,臺北市,980.0
1296,2015-03-01,臺北市,845.0
1297,2015-04-01,臺北市,-9.0
1298,2015-05-01,臺北市,-28.0
1299,2015-06-01,臺北市,109.0
1300,2015-07-01,臺北市,-2586.0
1301,2015-08-01,臺北市,-1873.0
1302,2015-09-01,臺北市,-1456.0
1303,2015-10-01,臺北市,1399.0
1304,2015-11-01,臺北市,1295.0
1305,2015-12-01,臺北市,2001.0
1306,2016-01-01,臺北市,164.0
1307,2016-02-01,臺北市,-564.0
1308,2016-03-01,臺北市,85.0
1309,2016-04-01,臺北市,-666.0
1310,2016-05-01,臺北市,-899.0
1311,2016-06-01,臺北市,-5.0
1312,2016-07-01,臺北市,-1280.0
1313,2016-08-01,臺北市,-3054.0
1314,2016-09-01,臺北市,-2275.0
1315,2016-10-01,臺北市,3.0
1316,2016-11-01,臺北市,-667.0
1317,2016-12-01,臺北市,52.0
1318,2017-01-01,臺北市,-333.0
1319,2017-02-01,臺北市,-1176.0
1320,2017-03-01,臺北市,-882.0
1321,2017-04-01,臺北市,-1195.0
1322,2017-05-01,臺北市,-1305.0
1323,2017-06-01,臺北市,-968.0
1324,2017-07-01,臺北市,-2216.0
1325,2017-08-01,臺北市,-2427.0
1326,2017-09-01,臺北市,-2309.0
1327,2017-10-01,臺北市,309.0
1328,2017-11-01,臺北市,119.0
1329,2017-12-01,臺北市,-64.0
1330,2018-01-01,臺北市,-536.0
1331,2018-02-01,臺北市,-1346.0
1332,2018-03-01,臺北市,-1157.0
1333,2018-04-01,臺北市,-1523.0
1334,2018-05-01,臺北市,-1928.0
1335,2018-06-01,臺北市,-1054.0
1336,2018-07-01,臺北市,-1650.0
1337,2018-08-01,臺北市,-1971.0
1338,2018-09-01,臺北市,-2453.0
1339,2018-10-01,臺北市,235.0
1340,2018-11-01,臺北市,-240.0
1341,2018-12-01,臺北市,-1062.0
1342,2019-01-01,臺北市,-1664.0
1343,2019-02-01,臺北市,-1925.0
1344,2019-03-01,臺北市,-1558.0
1345,2019-04-01,臺北市,-2108.0
1346,2019-05-01,臺北市,-2702.0
1347,2019-06-01,臺北市,-963.0
1348,2019-07-01,臺北市,-3644.0
1349,2019-08-01,臺北市,-3854.0
1351,2007-04-01,臺中市,1566.0
1352,2007-05-01,臺中市,1871.0
1353,2007-06-01,臺中市,1694.0
1354,2007-07-01,臺中市,1706.0
1355,2007-08-01,臺中市,2162.0
1356,2007-09-01,臺中市,1239.0
1357,2007-10-01,臺中市,1423.0
1358,2007-11-01,臺中市,1890.0
1359,2007-12-01,臺中市,2100.0
1360,2008-01-01,臺中市,1921.0
1361,2008-02-01,臺中市,1281.0
1362,2008-03-01,臺中市,1044.0
1363,2008-04-01,臺中市,1492.0
1364,2008-05-01,臺中市,1419.0
1365,2008-06-01,臺中市,1739.0
1366,2008-07-01,臺中市,1513.0
1367,2008-08-01,臺中市,1219.0
1368,2008-09-01,臺中市,796.0
1369,2008-10-01,臺中市,1398.0
1370,2008-11-01,臺中市,1778.0
1371,2008-12-01,臺中市,1678.0
1372,2009-01-01,臺中市,1382.0
1373,2009-02-01,臺中市,774.0
1374,2009-03-01,臺中市,1763.0
1375,2009-04-01,臺中市,134.0
1376,2009-05-01,臺中市,427.0
1377,2009-06-01,臺中市,771.0
1378,2009-07-01,臺中市,767.0
1379,2009-08-01,臺中市,405.0
1380,2009-09-01,臺中市,686.0
1381,2009-10-01,臺中市,1402.0
1382,2009-11-01,臺中市,1497.0
1383,2009-12-01,臺中市,1681.0
1384,2010-01-01,臺中市,713.0
1385,2010-02-01,臺中市,758.0
1386,2010-03-01,臺中市,1586.0
1387,2010-04-01,臺中市,1144.0
1388,2010-05-01,臺中市,601.0
1389,2010-06-01,臺中市,-658.0
1390,2010-07-01,臺中市,2772.0
1391,2010-08-01,臺中市,1593.0
1392,2010-09-01,臺中市,924.0
1393,2010-10-01,臺中市,1287.0
1394,2010-11-01,臺中市,1181.0
1395,2010-12-01,臺中市,757.0
1396,2011-01-01,臺中市,892.0
1397,2011-02-01,臺中市,581.0
1398,2011-03-01,臺中市,1260.0
1399,2011-04-01,臺中市,1283.0
1400,2011-05-01,臺中市,1263.0
1401,2011-06-01,臺中市,1758.0
1402,2011-07-01,臺中市,1797.0
1403,2011-08-01,臺中市,1482.0
1404,2011-09-01,臺中市,1093.0
1405,2011-10-01,臺中市,1462.0
1406,2011-11-01,臺中市,1480.0
1407,2011-12-01,臺中市,1624.0
1408,2012-01-01,臺中市,1219.0
1409,2012-02-01,臺中市,1312.0
1410,2012-03-01,臺中市,1874.0
1411,2012-04-01,臺中市,1596.0
1412,2012-05-01,臺中市,1995.0
1413,2012-06-01,臺中市,1969.0
1414,2012-07-01,臺中市,1580.0
1415,2012-08-01,臺中市,1937.0
1416,2012-09-01,臺中市,1296.0
1417,2012-10-01,臺中市,1869.0
1418,2012-11-01,臺中市,2025.0
1419,2012-12-01,臺中市,1827.0
1420,2013-01-01,臺中市,2159.0
1421,2013-02-01,臺中市,1164.0
1422,2013-03-01,臺中市,1443.0
1423,2013-04-01,臺中市,1178.0
1424,2013-05-01,臺中市,1726.0
1425,2013-06-01,臺中市,1329.0
1426,2013-07-01,臺中市,1461.0
1427,2013-08-01,臺中市,1359.0
1428,2013-09-01,臺中市,953.0
1429,2013-10-01,臺中市,1146.0
1430,2013-11-01,臺中市,1489.0
1431,2013-12-01,臺中市,1361.0
1432,2014-01-01,臺中市,1259.0
1433,2014-02-01,臺中市,1150.0
1434,2014-03-01,臺中市,994.0
1435,2014-04-01,臺中市,1145.0
1436,2014-05-01,臺中市,914.0
1437,2014-06-01,臺中市,1215.0
1438,2014-07-01,臺中市,1426.0
1439,2014-08-01,臺中市,1488.0
1440,2014-09-01,臺中市,1696.0
1441,2014-10-01,臺中市,1694.0
1442,2014-11-01,臺中市,1855.0
1443,2014-12-01,臺中市,3338.0
1444,2015-01-01,臺中市,1874.0
1445,2015-02-01,臺中市,1770.0
1446,2015-03-01,臺中市,2018.0
1447,2015-04-01,臺中市,1963.0
1448,2015-05-01,臺中市,1831.0
1449,2015-06-01,臺中市,2209.0
1450,2015-07-01,臺中市,2261.0
1451,2015-08-01,臺中市,3052.0
1452,2015-09-01,臺中市,1740.0
1453,2015-10-01,臺中市,2081.0
1454,2015-11-01,臺中市,1869.0
1455,2015-12-01,臺中市,1942.0
1456,2016-01-01,臺中市,1667.0
1457,2016-02-01,臺中市,1449.0
1458,2016-03-01,臺中市,1238.0
1459,2016-04-01,臺中市,1523.0
1460,2016-05-01,臺中市,2091.0
1461,2016-06-01,臺中市,1778.0
1462,2016-07-01,臺中市,2065.0
1463,2016-08-01,臺中市,1880.0
1464,2016-09-01,臺中市,1751.0
1465,2016-10-01,臺中市,2812.0
1466,2016-11-01,臺中市,2259.0
1467,2016-12-01,臺中市,2281.0
1468,2017-01-01,臺中市,1766.0
1469,2017-02-01,臺中市,1351.0
1470,2017-03-01,臺中市,1762.0
1471,2017-04-01,臺中市,1409.0
1472,2017-05-01,臺中市,1767.0
1473,2017-06-01,臺中市,1285.0
1474,2017-07-01,臺中市,1603.0
1475,2017-08-01,臺中市,1973.0
1476,2017-09-01,臺中市,1343.0
1477,2017-10-01,臺中市,1800.0
1478,2017-11-01,臺中市,1861.0
1479,2017-12-01,臺中市,1911.0
1480,2018-01-01,臺中市,1758.0
1481,2018-02-01,臺中市,1553.0
1482,2018-03-01,臺中市,1783.0
1483,2018-04-01,臺中市,841.0
1484,2018-05-01,臺中市,975.0
1485,2018-06-01,臺中市,953.0
1486,2018-07-01,臺中市,1148.0
1487,2018-08-01,臺中市,1142.0
1488,2018-09-01,臺中市,651.0
1489,2018-10-01,臺中市,1380.0
1490,2018-11-01,臺中市,1984.0
1491,2018-12-01,臺中市,2656.0
1492,2019-01-01,臺中市,2512.0
1493,2019-02-01,臺中市,919.0
1494,2019-03-01,臺中市,894.0
1495,2019-04-01,臺中市,785.0
1496,2019-05-01,臺中市,541.0
1497,2019-06-01,臺中市,674.0
1498,2019-07-01,臺中市,929.0
1499,2019-08-01,臺中市,581.0
1501,2007-04-01,福建省,524.0
1502,2007-05-01,福建省,299.0
1503,2007-06-01,福建省,340.0
1504,2007-07-01,福建省,460.0
1505,2007-08-01,福建省,431.0
1506,2007-09-01,福建省,341.0
1507,2007-10-01,福建省,487.0
1508,2007-11-01,福建省,481.0
1509,2007-12-01,福建省,456.0
1510,2008-01-01,福建省,364.0
1511,2008-02-01,福建省,160.0
1512,2008-03-01,福建省,284.0
1513,2008-04-01,福建省,453.0
1514,2008-05-01,福建省,282.0
1515,2008-06-01,福建省,130.0
1516,2008-07-01,福建省,47.0
1517,2008-08-01,福建省,139.0
1518,2008-09-01,福建省,99.0
1519,2008-10-01,福建省,115.0
1520,2008-11-01,福建省,349.0
1521,2008-12-01,福建省,410.0
1522,2009-01-01,福建省,266.0
1523,2009-02-01,福建省,732.0
1524,2009-03-01,福建省,702.0
1525,2009-04-01,福建省,1202.0
1526,2009-05-01,福建省,686.0
1527,2009-06-01,福建省,1356.0
1528,2009-07-01,福建省,1123.0
1529,2009-08-01,福建省,729.0
1530,2009-09-01,福建省,651.0
1531,2009-10-01,福建省,720.0
1532,2009-11-01,福建省,514.0
1533,2009-12-01,福建省,716.0
1534,2010-01-01,福建省,485.0
1535,2010-02-01,福建省,311.0
1536,2010-03-01,福建省,199.0
1537,2010-04-01,福建省,204.0
1538,2010-05-01,福建省,102.0
1539,2010-06-01,福建省,51.0
1540,2010-07-01,福建省,261.0
1541,2010-08-01,福建省,397.0
1542,2010-09-01,福建省,316.0
1543,2010-10-01,福建省,505.0
1544,2010-11-01,福建省,372.0
1545,2010-12-01,福建省,383.0
1546,2011-01-01,福建省,384.0
1547,2011-02-01,福建省,214.0
1548,2011-03-01,福建省,250.0
1549,2011-04-01,福建省,476.0
1550,2011-05-01,福建省,637.0
1551,2011-06-01,福建省,432.0
1552,2011-07-01,福建省,538.0
1553,2011-08-01,福建省,865.0
1554,2011-09-01,福建省,1018.0
1555,2011-10-01,福建省,789.0
1556,2011-11-01,福建省,533.0
1557,2011-12-01,福建省,545.0
1558,2012-01-01,福建省,682.0
1559,2012-02-01,福建省,898.0
1560,2012-03-01,福建省,920.0
1561,2012-04-01,福建省,834.0
1562,2012-05-01,福建省,495.0
1563,2012-06-01,福建省,582.0
1564,2012-07-01,福建省,1187.0
1565,2012-08-01,福建省,935.0
1566,2012-09-01,福建省,1266.0
1567,2012-10-01,福建省,1045.0
1568,2012-11-01,福建省,807.0
1569,2012-12-01,福建省,781.0
1570,2013-01-01,福建省,751.0
1571,2013-02-01,福建省,531.0
1572,2013-03-01,福建省,759.0
1573,2013-04-01,福建省,776.0
1574,2013-05-01,福建省,632.0
1575,2013-06-01,福建省,471.0
1576,2013-07-01,福建省,757.0
1577,2013-08-01,福建省,702.0
1578,2013-09-01,福建省,1165.0
1579,2013-10-01,福建省,648.0
1580,2013-11-01,福建省,535.0
1581,2013-12-01,福建省,730.0
1582,2014-01-01,福建省,578.0
1583,2014-02-01,福建省,521.0
1584,2014-03-01,福建省,630.0
1585,2014-04-01,福建省,691.0
1586,2014-05-01,福建省,579.0
1587,2014-06-01,福建省,496.0
1588,2014-07-01,福建省,704.0
1589,2014-08-01,福建省,450.0
1590,2014-09-01,福建省,1110.0
1591,2014-10-01,福建省,437.0
1592,2014-11-01,福建省,418.0
1593,2014-12-01,福建省,737.0
1594,2015-01-01,福建省,496.0
1595,2015-02-01,福建省,286.0
1596,2015-03-01,福建省,417.0
1597,2015-04-01,福建省,480.0
1598,2015-05-01,福建省,207.0
1599,2015-06-01,福建省,212.0
1600,2015-07-01,福建省,640.0
1601,2015-08-01,福建省,656.0
1602,2015-09-01,福建省,827.0
1603,2015-10-01,福建省,366.0
1604,2015-11-01,福建省,262.0
1605,2015-12-01,福建省,268.0
1606,2016-01-01,福建省,182.0
1607,2016-02-01,福建省,-45.0
1608,2016-03-01,福建省,45.0
1609,2016-04-01,福建省,80.0
1610,2016-05-01,福建省,60.0
1611,2016-06-01,福建省,53.0
1612,2016-07-01,福建省,258.0
1613,2016-08-01,福建省,227.0
1614,2016-09-01,福建省,799.0
1615,2016-10-01,福建省,280.0
1616,2016-11-01,福建省,181.0
1617,2016-12-01,福建省,243.0
1618,2017-01-01,福建省,163.0
1619,2017-02-01,福建省,13.0
1620,2017-03-01,福建省,135.0
1621,2017-04-01,福建省,107.0
1622,2017-05-01,福建省,104.0
1623,2017-06-01,福建省,48.0
1624,2017-07-01,福建省,264.0
1625,2017-08-01,福建省,217.0
1626,2017-09-01,福建省,818.0
1627,2017-10-01,福建省,287.0
1628,2017-11-01,福建省,231.0
1629,2017-12-01,福建省,240.0
1630,2018-01-01,福建省,147.0
1631,2018-02-01,福建省,44.0
1632,2018-03-01,福建省,38.0
1633,2018-04-01,福建省,123.0
1634,2018-05-01,福建省,175.0
1635,2018-06-01,福建省,18.0
1636,2018-07-01,福建省,147.0
1637,2018-08-01,福建省,72.0
1638,2018-09-01,福建省,682.0
1639,2018-10-01,福建省,125.0
1640,2018-11-01,福建省,98.0
1641,2018-12-01,福建省,324.0
1642,2019-01-01,福建省,234.0
1643,2019-02-01,福建省,-64.0
1644,2019-03-01,福建省,-59.0
1645,2019-04-01,福建省,80.0
1646,2019-05-01,福建省,15.0
1647,2019-06-01,福建省,-159.0
1648,2019-07-01,福建省,51.0
1649,2019-08-01,福建省,-35.0
1651,2007-04-01,澎湖縣,73.0
1652,2007-05-01,澎湖縣,36.0
1653,2007-06-01,澎湖縣,18.0
1654,2007-07-01,澎湖縣,65.0
1655,2007-08-01,澎湖縣,21.0
1656,2007-09-01,澎湖縣,-6.0
1657,2007-10-01,澎湖縣,17.0
1658,2007-11-01,澎湖縣,65.0
1659,2007-12-01,澎湖縣,151.0
1660,2008-01-01,澎湖縣,33.0
1661,2008-02-01,澎湖縣,-39.0
1662,2008-03-01,澎湖縣,-21.0
1663,2008-04-01,澎湖縣,52.0
1664,2008-05-01,澎湖縣,43.0
1665,2008-06-01,澎湖縣,144.0
1666,2008-07-01,澎湖縣,167.0
1667,2008-08-01,澎湖縣,138.0
1668,2008-09-01,澎湖縣,77.0
1669,2008-10-01,澎湖縣,120.0
1670,2008-11-01,澎湖縣,77.0
1671,2008-12-01,澎湖縣,127.0
1672,2009-01-01,澎湖縣,138.0
1673,2009-02-01,澎湖縣,255.0
1674,2009-03-01,澎湖縣,272.0
1675,2009-04-01,澎湖縣,286.0
1676,2009-05-01,澎湖縣,317.0
1677,2009-06-01,澎湖縣,310.0
1678,2009-07-01,澎湖縣,270.0
1679,2009-08-01,澎湖縣,136.0
1680,2009-09-01,澎湖縣,153.0
1681,2009-10-01,澎湖縣,306.0
1682,2009-11-01,澎湖縣,191.0
1683,2009-12-01,澎湖縣,268.0
1684,2010-01-01,澎湖縣,177.0
1685,2010-02-01,澎湖縣,39.0
1686,2010-03-01,澎湖縣,33.0
1687,2010-04-01,澎湖縣,-4.0
1688,2010-05-01,澎湖縣,12.0
1689,2010-06-01,澎湖縣,-79.0
1690,2010-07-01,澎湖縣,48.0
1691,2010-08-01,澎湖縣,54.0
1692,2010-09-01,澎湖縣,-2.0
1693,2010-10-01,澎湖縣,223.0
1694,2010-11-01,澎湖縣,86.0
1695,2010-12-01,澎湖縣,121.0
1696,2011-01-01,澎湖縣,8.0
1697,2011-02-01,澎湖縣,-72.0
1698,2011-03-01,澎湖縣,-65.0
1699,2011-04-01,澎湖縣,-113.0
1700,2011-05-01,澎湖縣,-48.0
1701,2011-06-01,澎湖縣,-31.0
1702,2011-07-01,澎湖縣,61.0
1703,2011-08-01,澎湖縣,-16.0
1704,2011-09-01,澎湖縣,137.0
1705,2011-10-01,澎湖縣,228.0
1706,2011-11-01,澎湖縣,84.0
1707,2011-12-01,澎湖縣,66.0
1708,2012-01-01,澎湖縣,91.0
1709,2012-02-01,澎湖縣,20.0
1710,2012-03-01,澎湖縣,184.0
1711,2012-04-01,澎湖縣,160.0
1712,2012-05-01,澎湖縣,27.0
1713,2012-06-01,澎湖縣,85.0
1714,2012-07-01,澎湖縣,223.0
1715,2012-08-01,澎湖縣,70.0
1716,2012-09-01,澎湖縣,87.0
1717,2012-10-01,澎湖縣,508.0
1718,2012-11-01,澎湖縣,133.0
1719,2012-12-01,澎湖縣,98.0
1720,2013-01-01,澎湖縣,84.0
1721,2013-02-01,澎湖縣,-8.0
1722,2013-03-01,澎湖縣,113.0
1723,2013-04-01,澎湖縣,85.0
1724,2013-05-01,澎湖縣,124.0
1725,2013-06-01,澎湖縣,35.0
1726,2013-07-01,澎湖縣,111.0
1727,2013-08-01,澎湖縣,75.0
1728,2013-09-01,澎湖縣,54.0
1729,2013-10-01,澎湖縣,574.0
1730,2013-11-01,澎湖縣,143.0
1731,2013-12-01,澎湖縣,167.0
1732,2014-01-01,澎湖縣,185.0
1733,2014-02-01,澎湖縣,24.0
1734,2014-03-01,澎湖縣,203.0
1735,2014-04-01,澎湖縣,182.0
1736,2014-05-01,澎湖縣,162.0
1737,2014-06-01,澎湖縣,-44.0
1738,2014-07-01,澎湖縣,64.0
1739,2014-08-01,澎湖縣,-66.0
1740,2014-09-01,澎湖縣,372.0
1741,2014-10-01,澎湖縣,66.0
1742,2014-11-01,澎湖縣,88.0
1743,2014-12-01,澎湖縣,122.0
1744,2015-01-01,澎湖縣,45.0
1745,2015-02-01,澎湖縣,47.0
1746,2015-03-01,澎湖縣,6.0
1747,2015-04-01,澎湖縣,-14.0
1748,2015-05-01,澎湖縣,-4.0
1749,2015-06-01,澎湖縣,-85.0
1750,2015-07-01,澎湖縣,24.0
1751,2015-08-01,澎湖縣,-43.0
1752,2015-09-01,澎湖縣,470.0
1753,2015-10-01,澎湖縣,75.0
1754,2015-11-01,澎湖縣,38.0
1755,2015-12-01,澎湖縣,-13.0
1756,2016-01-01,澎湖縣,51.0
1757,2016-02-01,澎湖縣,-19.0
1758,2016-03-01,澎湖縣,-4.0
1759,2016-04-01,澎湖縣,37.0
1760,2016-05-01,澎湖縣,27.0
1761,2016-06-01,澎湖縣,-67.0
1762,2016-07-01,澎湖縣,28.0
1763,2016-08-01,澎湖縣,49.0
1764,2016-09-01,澎湖縣,474.0
1765,2016-10-01,澎湖縣,112.0
1766,2016-11-01,澎湖縣,112.0
1767,2016-12-01,澎湖縣,159.0
1768,2017-01-01,澎湖縣,40.0
1769,2017-02-01,澎湖縣,-22.0
1770,2017-03-01,澎湖縣,62.0
1771,2017-04-01,澎湖縣,42.0
1772,2017-05-01,澎湖縣,49.0
1773,2017-06-01,澎湖縣,-28.0
1774,2017-07-01,澎湖縣,13.0
1775,2017-08-01,澎湖縣,-7.0
1776,2017-09-01,澎湖縣,431.0
1777,2017-10-01,澎湖縣,113.0
1778,2017-11-01,澎湖縣,49.0
1779,2017-12-01,澎湖縣,68.0
1780,2018-01-01,澎湖縣,32.0
1781,2018-02-01,澎湖縣,-18.0
1782,2018-03-01,澎湖縣,-1.0
1783,2018-04-01,澎湖縣,35.0
1784,2018-05-01,澎湖縣,-14.0
1785,2018-06-01,澎湖縣,-94.0
1786,2018-07-01,澎湖縣,28.0
1787,2018-08-01,澎湖縣,-65.0
1788,2018-09-01,澎湖縣,416.0
1789,2018-10-01,澎湖縣,8.0
1790,2018-11-01,澎湖縣,41.0
1791,2018-12-01,澎湖縣,-1.0
1792,2019-01-01,澎湖縣,71.0
1793,2019-02-01,澎湖縣,22.0
1794,2019-03-01,澎湖縣,41.0
1795,2019-04-01,澎湖縣,109.0
1796,2019-05-01,澎湖縣,68.0
1797,2019-06-01,澎湖縣,-75.0
1798,2019-07-01,澎湖縣,32.0
1799,2019-08-01,澎湖縣,3.0
1801,2007-04-01,桃園市,1666.0
1802,2007-05-01,桃園市,2300.0
1803,2007-06-01,桃園市,2039.0
1804,2007-07-01,桃園市,2419.0
1805,2007-08-01,桃園市,2950.0
1806,2007-09-01,桃園市,2073.0
1807,2007-10-01,桃園市,1850.0
1808,2007-11-01,桃園市,2090.0
1809,2007-12-01,桃園市,2060.0
1810,2008-01-01,桃園市,2077.0
1811,2008-02-01,桃園市,1546.0
1812,2008-03-01,桃園市,1423.0
1813,2008-04-01,桃園市,1864.0
1814,2008-05-01,桃園市,1878.0
1815,2008-06-01,桃園市,1825.0
1816,2008-07-01,桃園市,2423.0
1817,2008-08-01,桃園市,2125.0
1818,2008-09-01,桃園市,2192.0
1819,2008-10-01,桃園市,1916.0
1820,2008-11-01,桃園市,2279.0
1821,2008-12-01,桃園市,2170.0
1822,2009-01-01,桃園市,1650.0
1823,2009-02-01,桃園市,1489.0
1824,2009-03-01,桃園市,1721.0
1825,2009-04-01,桃園市,651.0
1826,2009-05-01,桃園市,1116.0
1827,2009-06-01,桃園市,1725.0
1828,2009-07-01,桃園市,1536.0
1829,2009-08-01,桃園市,1784.0
1830,2009-09-01,桃園市,2277.0
1831,2009-10-01,桃園市,2123.0
1832,2009-11-01,桃園市,2139.0
1833,2009-12-01,桃園市,1885.0
1834,2010-01-01,桃園市,1256.0
1835,2010-02-01,桃園市,1326.0
1836,2010-03-01,桃園市,1597.0
1837,2010-04-01,桃園市,2248.0
1838,2010-05-01,桃園市,5708.0
1839,2010-06-01,桃園市,26130.0
1840,2010-07-01,桃園市,-10834.0
1841,2010-08-01,桃園市,-3008.0
1842,2010-09-01,桃園市,-887.0
1843,2010-10-01,桃園市,-781.0
1844,2010-11-01,桃園市,-82.0
1845,2010-12-01,桃園市,605.0
1846,2011-01-01,桃園市,364.0
1847,2011-02-01,桃園市,56.0
1848,2011-03-01,桃園市,445.0
1849,2011-04-01,桃園市,693.0
1850,2011-05-01,桃園市,789.0
1851,2011-06-01,桃園市,1388.0
1852,2011-07-01,桃園市,1741.0
1853,2011-08-01,桃園市,1309.0
1854,2011-09-01,桃園市,1323.0
1855,2011-10-01,桃園市,819.0
1856,2011-11-01,桃園市,1187.0
1857,2011-12-01,桃園市,1131.0
1858,2012-01-01,桃園市,911.0
1859,2012-02-01,桃園市,796.0
1860,2012-03-01,桃園市,921.0
1861,2012-04-01,桃園市,1329.0
1862,2012-05-01,桃園市,1401.0
1863,2012-06-01,桃園市,1440.0
1864,2012-07-01,桃園市,1574.0
1865,2012-08-01,桃園市,2423.0
1866,2012-09-01,桃園市,1616.0
1867,2012-10-01,桃園市,1381.0
1868,2012-11-01,桃園市,1531.0
1869,2012-12-01,桃園市,1533.0
1870,2013-01-01,桃園市,1676.0
1871,2013-02-01,桃園市,1011.0
1872,2013-03-01,桃園市,786.0
1873,2013-04-01,桃園市,747.0
1874,2013-05-01,桃園市,1171.0
1875,2013-06-01,桃園市,1156.0
1876,2013-07-01,桃園市,1439.0
1877,2013-08-01,桃園市,1410.0
1878,2013-09-01,桃園市,1072.0
1879,2013-10-01,桃園市,915.0
1880,2013-11-01,桃園市,1124.0
1881,2013-12-01,桃園市,1355.0
1882,2014-01-01,桃園市,834.0
1883,2014-02-01,桃園市,452.0
1884,2014-03-01,桃園市,502.0
1885,2014-04-01,桃園市,736.0
1886,2014-05-01,桃園市,1287.0
1887,2014-06-01,桃園市,1175.0
1888,2014-07-01,桃園市,1591.0
1889,2014-08-01,桃園市,1929.0
1890,2014-09-01,桃園市,1731.0
1891,2014-10-01,桃園市,999.0
1892,2014-11-01,桃園市,1014.0
1893,2014-12-01,桃園市,2055.0
1894,2015-01-01,桃園市,3173.0
1895,2015-02-01,桃園市,4465.0
1896,2015-03-01,桃園市,6770.0
1897,2015-04-01,桃園市,5193.0
1898,2015-05-01,桃園市,4236.0
1899,2015-06-01,桃園市,3916.0
1900,2015-07-01,桃園市,3472.0
1901,2015-08-01,桃園市,3424.0
1902,2015-09-01,桃園市,3455.0
1903,2015-10-01,桃園市,3151.0
1904,2015-11-01,桃園市,2930.0
1905,2015-12-01,桃園市,3267.0
1906,2016-01-01,桃園市,3006.0
1907,2016-02-01,桃園市,2362.0
1908,2016-03-01,桃園市,3024.0
1909,2016-04-01,桃園市,2816.0
1910,2016-05-01,桃園市,3850.0
1911,2016-06-01,桃園市,3501.0
1912,2016-07-01,桃園市,4255.0
1913,2016-08-01,桃園市,4260.0
1914,2016-09-01,桃園市,3848.0
1915,2016-10-01,桃園市,3690.0
1916,2016-11-01,桃園市,3652.0
1917,2016-12-01,桃園市,3719.0
1918,2017-01-01,桃園市,2922.0
1919,2017-02-01,桃園市,2836.0
1920,2017-03-01,桃園市,3478.0
1921,2017-04-01,桃園市,3036.0
1922,2017-05-01,桃園市,3693.0
1923,2017-06-01,桃園市,3888.0
1924,2017-07-01,桃園市,3511.0
1925,2017-08-01,桃園市,3768.0
1926,2017-09-01,桃園市,3563.0
1927,2017-10-01,桃園市,3012.0
1928,2017-11-01,桃園市,3185.0
1929,2017-12-01,桃園市,3362.0
1930,2018-01-01,桃園市,3017.0
1931,2018-02-01,桃園市,2064.0
1932,2018-03-01,桃園市,3251.0
1933,2018-04-01,桃園市,2481.0
1934,2018-05-01,桃園市,3204.0
1935,2018-06-01,桃園市,2790.0
1936,2018-07-01,桃園市,3211.0
1937,2018-08-01,桃園市,3092.0
1938,2018-09-01,桃園市,2252.0
1939,2018-10-01,桃園市,2236.0
1940,2018-11-01,桃園市,2161.0
1941,2018-12-01,桃園市,3096.0
1942,2019-01-01,桃園市,2861.0
1943,2019-02-01,桃園市,1888.0
1944,2019-03-01,桃園市,2497.0
1945,2019-04-01,桃園市,2535.0
1946,2019-05-01,桃園市,1970.0
1947,2019-06-01,桃園市,2382.0
1948,2019-07-01,桃園市,2938.0
1949,2019-08-01,桃園市,2385.0
1951,2007-04-01,新竹縣,685.0
1952,2007-05-01,新竹縣,695.0
1953,2007-06-01,新竹縣,691.0
1954,2007-07-01,新竹縣,904.0
1955,2007-08-01,新竹縣,1097.0
1956,2007-09-01,新竹縣,819.0
1957,2007-10-01,新竹縣,555.0
1958,2007-11-01,新竹縣,571.0
1959,2007-12-01,新竹縣,470.0
1960,2008-01-01,新竹縣,601.0
1961,2008-02-01,新竹縣,358.0
1962,2008-03-01,新竹縣,465.0
1963,2008-04-01,新竹縣,730.0
1964,2008-05-01,新竹縣,802.0
1965,2008-06-01,新竹縣,595.0
1966,2008-07-01,新竹縣,653.0
1967,2008-08-01,新竹縣,570.0
1968,2008-09-01,新竹縣,717.0
1969,2008-10-01,新竹縣,700.0
1970,2008-11-01,新竹縣,613.0
1971,2008-12-01,新竹縣,648.0
1972,2009-01-01,新竹縣,382.0
1973,2009-02-01,新竹縣,514.0
1974,2009-03-01,新竹縣,599.0
1975,2009-04-01,新竹縣,414.0
1976,2009-05-01,新竹縣,673.0
1977,2009-06-01,新竹縣,691.0
1978,2009-07-01,新竹縣,783.0
1979,2009-08-01,新竹縣,828.0
1980,2009-09-01,新竹縣,726.0
1981,2009-10-01,新竹縣,570.0
1982,2009-11-01,新竹縣,605.0
1983,2009-12-01,新竹縣,824.0
1984,2010-01-01,新竹縣,406.0
1985,2010-02-01,新竹縣,320.0
1986,2010-03-01,新竹縣,244.0
1987,2010-04-01,新竹縣,295.0
1988,2010-05-01,新竹縣,-292.0
1989,2010-06-01,新竹縣,-2053.0
1990,2010-07-01,新竹縣,1072.0
1991,2010-08-01,新竹縣,770.0
1992,2010-09-01,新竹縣,453.0
1993,2010-10-01,新竹縣,256.0
1994,2010-11-01,新竹縣,188.0
1995,2010-12-01,新竹縣,474.0
1996,2011-01-01,新竹縣,205.0
1997,2011-02-01,新竹縣,293.0
1998,2011-03-01,新竹縣,325.0
1999,2011-04-01,新竹縣,390.0
2000,2011-05-01,新竹縣,500.0
2001,2011-06-01,新竹縣,316.0
2002,2011-07-01,新竹縣,575.0
2003,2011-08-01,新竹縣,524.0
2004,2011-09-01,新竹縣,507.0
2005,2011-10-01,新竹縣,464.0
2006,2011-11-01,新竹縣,195.0
2007,2011-12-01,新竹縣,332.0
2008,2012-01-01,新竹縣,212.0
2009,2012-02-01,新竹縣,518.0
2010,2012-03-01,新竹縣,460.0
2011,2012-04-01,新竹縣,350.0
2012,2012-05-01,新竹縣,523.0
2013,2012-06-01,新竹縣,530.0
2014,2012-07-01,新竹縣,542.0
2015,2012-08-01,新竹縣,802.0
2016,2012-09-01,新竹縣,798.0
2017,2012-10-01,新竹縣,479.0
2018,2012-11-01,新竹縣,478.0
2019,2012-12-01,新竹縣,660.0
2020,2013-01-01,新竹縣,566.0
2021,2013-02-01,新竹縣,361.0
2022,2013-03-01,新竹縣,407.0
2023,2013-04-01,新竹縣,498.0
2024,2013-05-01,新竹縣,613.0
2025,2013-06-01,新竹縣,482.0
2026,2013-07-01,新竹縣,689.0
2027,2013-08-01,新竹縣,767.0
2028,2013-09-01,新竹縣,799.0
2029,2013-10-01,新竹縣,379.0
2030,2013-11-01,新竹縣,450.0
2031,2013-12-01,新竹縣,482.0
2032,2014-01-01,新竹縣,396.0
2033,2014-02-01,新竹縣,421.0
2034,2014-03-01,新竹縣,420.0
2035,2014-04-01,新竹縣,751.0
2036,2014-05-01,新竹縣,887.0
2037,2014-06-01,新竹縣,490.0
2038,2014-07-01,新竹縣,642.0
2039,2014-08-01,新竹縣,814.0
2040,2014-09-01,新竹縣,804.0
2041,2014-10-01,新竹縣,428.0
2042,2014-11-01,新竹縣,415.0
2043,2014-12-01,新竹縣,676.0
2044,2015-01-01,新竹縣,277.0
2045,2015-02-01,新竹縣,71.0
2046,2015-03-01,新竹縣,93.0
2047,2015-04-01,新竹縣,82.0
2048,2015-05-01,新竹縣,559.0
2049,2015-06-01,新竹縣,461.0
2050,2015-07-01,新竹縣,447.0
2051,2015-08-01,新竹縣,573.0
2052,2015-09-01,新竹縣,412.0
2053,2015-10-01,新竹縣,473.0
2054,2015-11-01,新竹縣,449.0
2055,2015-12-01,新竹縣,515.0
2056,2016-01-01,新竹縣,471.0
2057,2016-02-01,新竹縣,308.0
2058,2016-03-01,新竹縣,362.0
2059,2016-04-01,新竹縣,417.0
2060,2016-05-01,新竹縣,598.0
2061,2016-06-01,新竹縣,426.0
2062,2016-07-01,新竹縣,580.0
2063,2016-08-01,新竹縣,470.0
2064,2016-09-01,新竹縣,598.0
2065,2016-10-01,新竹縣,400.0
2066,2016-11-01,新竹縣,262.0
2067,2016-12-01,新竹縣,547.0
2068,2017-01-01,新竹縣,313.0
2069,2017-02-01,新竹縣,296.0
2070,2017-03-01,新竹縣,328.0
2071,2017-04-01,新竹縣,242.0
2072,2017-05-01,新竹縣,458.0
2073,2017-06-01,新竹縣,462.0
2074,2017-07-01,新竹縣,490.0
2075,2017-08-01,新竹縣,551.0
2076,2017-09-01,新竹縣,580.0
2077,2017-10-01,新竹縣,246.0
2078,2017-11-01,新竹縣,369.0
2079,2017-12-01,新竹縣,353.0
2080,2018-01-01,新竹縣,165.0
2081,2018-02-01,新竹縣,154.0
2082,2018-03-01,新竹縣,389.0
2083,2018-04-01,新竹縣,373.0
2084,2018-05-01,新竹縣,728.0
2085,2018-06-01,新竹縣,563.0
2086,2018-07-01,新竹縣,533.0
2087,2018-08-01,新竹縣,530.0
2088,2018-09-01,新竹縣,452.0
2089,2018-10-01,新竹縣,251.0
2090,2018-11-01,新竹縣,315.0
2091,2018-12-01,新竹縣,388.0
2092,2019-01-01,新竹縣,339.0
2093,2019-02-01,新竹縣,292.0
2094,2019-03-01,新竹縣,379.0
2095,2019-04-01,新竹縣,487.0
2096,2019-05-01,新竹縣,810.0
2097,2019-06-01,新竹縣,417.0
2098,2019-07-01,新竹縣,985.0
2099,2019-08-01,新竹縣,1087.0
2101,2007-04-01,新竹市,141.0
2102,2007-05-01,新竹市,337.0
2103,2007-06-01,新竹市,244.0
2104,2007-07-01,新竹市,-1.0
2105,2007-08-01,新竹市,291.0
2106,2007-09-01,新竹市,304.0
2107,2007-10-01,新竹市,455.0
2108,2007-11-01,新竹市,507.0
2109,2007-12-01,新竹市,496.0
2110,2008-01-01,新竹市,564.0
2111,2008-02-01,新竹市,358.0
2112,2008-03-01,新竹市,473.0
2113,2008-04-01,新竹市,678.0
2114,2008-05-01,新竹市,717.0
2115,2008-06-01,新竹市,543.0
2116,2008-07-01,新竹市,327.0
2117,2008-08-01,新竹市,577.0
2118,2008-09-01,新竹市,366.0
2119,2008-10-01,新竹市,471.0
2120,2008-11-01,新竹市,614.0
2121,2008-12-01,新竹市,648.0
2122,2009-01-01,新竹市,560.0
2123,2009-02-01,新竹市,540.0
2124,2009-03-01,新竹市,848.0
2125,2009-04-01,新竹市,441.0
2126,2009-05-01,新竹市,287.0
2127,2009-06-01,新竹市,419.0
2128,2009-07-01,新竹市,403.0
2129,2009-08-01,新竹市,496.0
2130,2009-09-01,新竹市,546.0
2131,2009-10-01,新竹市,488.0
2132,2009-11-01,新竹市,551.0
2133,2009-12-01,新竹市,637.0
2134,2010-01-01,新竹市,394.0
2135,2010-02-01,新竹市,252.0
2136,2010-03-01,新竹市,617.0
2137,2010-04-01,新竹市,467.0
2138,2010-05-01,新竹市,67.0
2139,2010-06-01,新竹市,-491.0
2140,2010-07-01,新竹市,589.0
2141,2010-08-01,新竹市,522.0
2142,2010-09-01,新竹市,319.0
2143,2010-10-01,新竹市,359.0
2144,2010-11-01,新竹市,322.0
2145,2010-12-01,新竹市,340.0
2146,2011-01-01,新竹市,213.0
2147,2011-02-01,新竹市,240.0
2148,2011-03-01,新竹市,394.0
2149,2011-04-01,新竹市,235.0
2150,2011-05-01,新竹市,536.0
2151,2011-06-01,新竹市,373.0
2152,2011-07-01,新竹市,219.0
2153,2011-08-01,新竹市,412.0
2154,2011-09-01,新竹市,568.0
2155,2011-10-01,新竹市,393.0
2156,2011-11-01,新竹市,457.0
2157,2011-12-01,新竹市,668.0
2158,2012-01-01,新竹市,290.0
2159,2012-02-01,新竹市,246.0
2160,2012-03-01,新竹市,453.0
2161,2012-04-01,新竹市,391.0
2162,2012-05-01,新竹市,581.0
2163,2012-06-01,新竹市,541.0
2164,2012-07-01,新竹市,329.0
2165,2012-08-01,新竹市,435.0
2166,2012-09-01,新竹市,374.0
2167,2012-10-01,新竹市,407.0
2168,2012-11-01,新竹市,434.0
2169,2012-12-01,新竹市,538.0
2170,2013-01-01,新竹市,379.0
2171,2013-02-01,新竹市,252.0
2172,2013-03-01,新竹市,443.0
2173,2013-04-01,新竹市,319.0
2174,2013-05-01,新竹市,392.0
2175,2013-06-01,新竹市,194.0
2176,2013-07-01,新竹市,87.0
2177,2013-08-01,新竹市,128.0
2178,2013-09-01,新竹市,296.0
2179,2013-10-01,新竹市,289.0
2180,2013-11-01,新竹市,230.0
2181,2013-12-01,新竹市,403.0
2182,2014-01-01,新竹市,351.0
2183,2014-02-01,新竹市,184.0
2184,2014-03-01,新竹市,194.0
2185,2014-04-01,新竹市,208.0
2186,2014-05-01,新竹市,234.0
2187,2014-06-01,新竹市,387.0
2188,2014-07-01,新竹市,254.0
2189,2014-08-01,新竹市,349.0
2190,2014-09-01,新竹市,385.0
2191,2014-10-01,新竹市,307.0
2192,2014-11-01,新竹市,265.0
2193,2014-12-01,新竹市,387.0
2194,2015-01-01,新竹市,271.0
2195,2015-02-01,新竹市,107.0
2196,2015-03-01,新竹市,90.0
2197,2015-04-01,新竹市,103.0
2198,2015-05-01,新竹市,133.0
2199,2015-06-01,新竹市,168.0
2200,2015-07-01,新竹市,106.0
2201,2015-08-01,新竹市,125.0
2202,2015-09-01,新竹市,257.0
2203,2015-10-01,新竹市,233.0
2204,2015-11-01,新竹市,193.0
2205,2015-12-01,新竹市,286.0
2206,2016-01-01,新竹市,198.0
2207,2016-02-01,新竹市,21.0
2208,2016-03-01,新竹市,213.0
2209,2016-04-01,新竹市,182.0
2210,2016-05-01,新竹市,281.0
2211,2016-06-01,新竹市,283.0
2212,2016-07-01,新竹市,250.0
2213,2016-08-01,新竹市,317.0
2214,2016-09-01,新竹市,415.0
2215,2016-10-01,新竹市,270.0
2216,2016-11-01,新竹市,387.0
2217,2016-12-01,新竹市,460.0
2218,2017-01-01,新竹市,416.0
2219,2017-02-01,新竹市,265.0
2220,2017-03-01,新竹市,304.0
2221,2017-04-01,新竹市,202.0
2222,2017-05-01,新竹市,339.0
2223,2017-06-01,新竹市,436.0
2224,2017-07-01,新竹市,136.0
2225,2017-08-01,新竹市,312.0
2226,2017-09-01,新竹市,351.0
2227,2017-10-01,新竹市,311.0
2228,2017-11-01,新竹市,308.0
2229,2017-12-01,新竹市,415.0
2230,2018-01-01,新竹市,507.0
2231,2018-02-01,新竹市,178.0
2232,2018-03-01,新竹市,498.0
2233,2018-04-01,新竹市,255.0
2234,2018-05-01,新竹市,468.0
2235,2018-06-01,新竹市,313.0
2236,2018-07-01,新竹市,230.0
2237,2018-08-01,新竹市,388.0
2238,2018-09-01,新竹市,437.0
2239,2018-10-01,新竹市,369.0
2240,2018-11-01,新竹市,332.0
2241,2018-12-01,新竹市,528.0
2242,2019-01-01,新竹市,355.0
2243,2019-02-01,新竹市,220.0
2244,2019-03-01,新竹市,357.0
2245,2019-04-01,新竹市,134.0
2246,2019-05-01,新竹市,380.0
2247,2019-06-01,新竹市,278.0
2248,2019-07-01,新竹市,125.0
2249,2019-08-01,新竹市,297.0
2251,2007-04-01,新北市,1649.0
2252,2007-05-01,新北市,3324.0
2253,2007-06-01,新北市,2718.0
2254,2007-07-01,新北市,2965.0
2255,2007-08-01,新北市,3644.0
2256,2007-09-01,新北市,3660.0
2257,2007-10-01,新北市,2914.0
2258,2007-11-01,新北市,2527.0
2259,2007-12-01,新北市,3086.0
2260,2008-01-01,新北市,2560.0
2261,2008-02-01,新北市,2395.0
2262,2008-03-01,新北市,1999.0
2263,2008-04-01,新北市,1411.0
2264,2008-05-01,新北市,2495.0
2265,2008-06-01,新北市,2168.0
2266,2008-07-01,新北市,3741.0
2267,2008-08-01,新北市,3417.0
2268,2008-09-01,新北市,3622.0
2269,2008-10-01,新北市,3341.0
2270,2008-11-01,新北市,4204.0
2271,2008-12-01,新北市,4362.0
2272,2009-01-01,新北市,3347.0
2273,2009-02-01,新北市,3328.0
2274,2009-03-01,新北市,3385.0
2275,2009-04-01,新北市,1555.0
2276,2009-05-01,新北市,2209.0
2277,2009-06-01,新北市,1938.0
2278,2009-07-01,新北市,3688.0
2279,2009-08-01,新北市,4660.0
2280,2009-09-01,新北市,4800.0
2281,2009-10-01,新北市,3738.0
2282,2009-11-01,新北市,3501.0
2283,2009-12-01,新北市,3774.0
2284,2010-01-01,新北市,2417.0
2285,2010-02-01,新北市,2212.0
2286,2010-03-01,新北市,3757.0
2287,2010-04-01,新北市,2715.0
2288,2010-05-01,新北市,753.0
2289,2010-06-01,新北市,-4764.0
2290,2010-07-01,新北市,8306.0
2291,2010-08-01,新北市,3567.0
2292,2010-09-01,新北市,-13.0
2293,2010-10-01,新北市,1137.0
2294,2010-11-01,新北市,2576.0
2295,2010-12-01,新北市,1051.0
2296,2011-01-01,新北市,54.0
2297,2011-02-01,新北市,467.0
2298,2011-03-01,新北市,342.0
2299,2011-04-01,新北市,1969.0
2300,2011-05-01,新北市,1760.0
2301,2011-06-01,新北市,1786.0
2302,2011-07-01,新北市,2372.0
2303,2011-08-01,新北市,2515.0
2304,2011-09-01,新北市,1454.0
2305,2011-10-01,新北市,1747.0
2306,2011-11-01,新北市,1762.0
2307,2011-12-01,新北市,2856.0
2308,2012-01-01,新北市,1494.0
2309,2012-02-01,新北市,1652.0
2310,2012-03-01,新北市,1164.0
2311,2012-04-01,新北市,819.0
2312,2012-05-01,新北市,2389.0
2313,2012-06-01,新北市,2219.0
2314,2012-07-01,新北市,2230.0
2315,2012-08-01,新北市,2220.0
2316,2012-09-01,新北市,2423.0
2317,2012-10-01,新北市,2011.0
2318,2012-11-01,新北市,2077.0
2319,2012-12-01,新北市,2156.0
2320,2013-01-01,新北市,1934.0
2321,2013-02-01,新北市,963.0
2322,2013-03-01,新北市,680.0
2323,2013-04-01,新北市,539.0
2324,2013-05-01,新北市,1534.0
2325,2013-06-01,新北市,834.0
2326,2013-07-01,新北市,1819.0
2327,2013-08-01,新北市,2157.0
2328,2013-09-01,新北市,1616.0
2329,2013-10-01,新北市,954.0
2330,2013-11-01,新北市,1523.0
2331,2013-12-01,新北市,1071.0
2332,2014-01-01,新北市,848.0
2333,2014-02-01,新北市,65.0
2334,2014-03-01,新北市,-452.0
2335,2014-04-01,新北市,-485.0
2336,2014-05-01,新北市,1090.0
2337,2014-06-01,新北市,733.0
2338,2014-07-01,新北市,1237.0
2339,2014-08-01,新北市,1890.0
2340,2014-09-01,新北市,1519.0
2341,2014-10-01,新北市,1546.0
2342,2014-11-01,新北市,1050.0
2343,2014-12-01,新北市,2848.0
2344,2015-01-01,新北市,753.0
2345,2015-02-01,新北市,-152.0
2346,2015-03-01,新北市,-1770.0
2347,2015-04-01,新北市,-761.0
2348,2015-05-01,新北市,1038.0
2349,2015-06-01,新北市,126.0
2350,2015-07-01,新北市,19.0
2351,2015-08-01,新北市,462.0
2352,2015-09-01,新北市,950.0
2353,2015-10-01,新北市,1438.0
2354,2015-11-01,新北市,934.0
2355,2015-12-01,新北市,789.0
2356,2016-01-01,新北市,606.0
2357,2016-02-01,新北市,410.0
2358,2016-03-01,新北市,-870.0
2359,2016-04-01,新北市,210.0
2360,2016-05-01,新北市,1003.0
2361,2016-06-01,新北市,201.0
2362,2016-07-01,新北市,1451.0
2363,2016-08-01,新北市,623.0
2364,2016-09-01,新北市,633.0
2365,2016-10-01,新北市,1402.0
2366,2016-11-01,新北市,1592.0
2367,2016-12-01,新北市,1303.0
2368,2017-01-01,新北市,755.0
2369,2017-02-01,新北市,354.0
2370,2017-03-01,新北市,97.0
2371,2017-04-01,新北市,453.0
2372,2017-05-01,新北市,1401.0
2373,2017-06-01,新北市,166.0
2374,2017-07-01,新北市,1617.0
2375,2017-08-01,新北市,669.0
2376,2017-09-01,新北市,255.0
2377,2017-10-01,新北市,723.0
2378,2017-11-01,新北市,593.0
2379,2017-12-01,新北市,398.0
2380,2018-01-01,新北市,-341.0
2381,2018-02-01,新北市,153.0
2382,2018-03-01,新北市,-119.0
2383,2018-04-01,新北市,-467.0
2384,2018-05-01,新北市,996.0
2385,2018-06-01,新北市,609.0
2386,2018-07-01,新北市,1386.0
2387,2018-08-01,新北市,1305.0
2388,2018-09-01,新北市,1200.0
2389,2018-10-01,新北市,880.0
2390,2018-11-01,新北市,1581.0
2391,2018-12-01,新北市,1845.0
2392,2019-01-01,新北市,1472.0
2393,2019-02-01,新北市,1169.0
2394,2019-03-01,新北市,525.0
2395,2019-04-01,新北市,1281.0
2396,2019-05-01,新北市,3133.0
2397,2019-06-01,新北市,1301.0
2398,2019-07-01,新北市,3216.0
2399,2019-08-01,新北市,2843.0
2401,2007-04-01,彰化縣,-111.0
2402,2007-05-01,彰化縣,-486.0
2403,2007-06-01,彰化縣,-239.0
2404,2007-07-01,彰化縣,32.0
2405,2007-08-01,彰化縣,-96.0
2406,2007-09-01,彰化縣,-213.0
2407,2007-10-01,彰化縣,89.0
2408,2007-11-01,彰化縣,215.0
2409,2007-12-01,彰化縣,341.0
2410,2008-01-01,彰化縣,-43.0
2411,2008-02-01,彰化縣,142.0
2412,2008-03-01,彰化縣,-200.0
2413,2008-04-01,彰化縣,-584.0
2414,2008-05-01,彰化縣,-405.0
2415,2008-06-01,彰化縣,-261.0
2416,2008-07-01,彰化縣,-266.0
2417,2008-08-01,彰化縣,-95.0
2418,2008-09-01,彰化縣,-215.0
2419,2008-10-01,彰化縣,184.0
2420,2008-11-01,彰化縣,337.0
2421,2008-12-01,彰化縣,-13.0
2422,2009-01-01,彰化縣,208.0
2423,2009-02-01,彰化縣,-168.0
2424,2009-03-01,彰化縣,6.0
2425,2009-04-01,彰化縣,-548.0
2426,2009-05-01,彰化縣,-194.0
2427,2009-06-01,彰化縣,-74.0
2428,2009-07-01,彰化縣,-134.0
2429,2009-08-01,彰化縣,-270.0
2430,2009-09-01,彰化縣,-232.0
2431,2009-10-01,彰化縣,442.0
2432,2009-11-01,彰化縣,402.0
2433,2009-12-01,彰化縣,94.0
2434,2010-01-01,彰化縣,24.0
2435,2010-02-01,彰化縣,-136.0
2436,2010-03-01,彰化縣,-654.0
2437,2010-04-01,彰化縣,-513.0
2438,2010-05-01,彰化縣,-790.0
2439,2010-06-01,彰化縣,-1472.0
2440,2010-07-01,彰化縣,-250.0
2441,2010-08-01,彰化縣,-350.0
2442,2010-09-01,彰化縣,-483.0
2443,2010-10-01,彰化縣,-343.0
2444,2010-11-01,彰化縣,-35.0
2445,2010-12-01,彰化縣,-179.0
2446,2011-01-01,彰化縣,-497.0
2447,2011-02-01,彰化縣,-366.0
2448,2011-03-01,彰化縣,-679.0
2449,2011-04-01,彰化縣,-501.0
2450,2011-05-01,彰化縣,-568.0
2451,2011-06-01,彰化縣,-459.0
2452,2011-07-01,彰化縣,-119.0
2453,2011-08-01,彰化縣,-356.0
2454,2011-09-01,彰化縣,-549.0
2455,2011-10-01,彰化縣,-138.0
2456,2011-11-01,彰化縣,8.0
2457,2011-12-01,彰化縣,-23.0
2458,2012-01-01,彰化縣,-285.0
2459,2012-02-01,彰化縣,-561.0
2460,2012-03-01,彰化縣,-687.0
2461,2012-04-01,彰化縣,-453.0
2462,2012-05-01,彰化縣,-464.0
2463,2012-06-01,彰化縣,29.0
2464,2012-07-01,彰化縣,-395.0
2465,2012-08-01,彰化縣,-489.0
2466,2012-09-01,彰化縣,-288.0
2467,2012-10-01,彰化縣,160.0
2468,2012-11-01,彰化縣,86.0
2469,2012-12-01,彰化縣,176.0
2470,2013-01-01,彰化縣,-144.0
2471,2013-02-01,彰化縣,-175.0
2472,2013-03-01,彰化縣,-275.0
2473,2013-04-01,彰化縣,-361.0
2474,2013-05-01,彰化縣,-627.0
2475,2013-06-01,彰化縣,-318.0
2476,2013-07-01,彰化縣,-302.0
2477,2013-08-01,彰化縣,-499.0
2478,2013-09-01,彰化縣,-507.0
2479,2013-10-01,彰化縣,-240.0
2480,2013-11-01,彰化縣,-260.0
2481,2013-12-01,彰化縣,-147.0
2482,2014-01-01,彰化縣,-355.0
2483,2014-02-01,彰化縣,-283.0
2484,2014-03-01,彰化縣,-464.0
2485,2014-04-01,彰化縣,-478.0
2486,2014-05-01,彰化縣,-436.0
2487,2014-06-01,彰化縣,-467.0
2488,2014-07-01,彰化縣,-401.0
2489,2014-08-01,彰化縣,-530.0
2490,2014-09-01,彰化縣,-473.0
2491,2014-10-01,彰化縣,-28.0
2492,2014-11-01,彰化縣,128.0
2493,2014-12-01,彰化縣,-752.0
2494,2015-01-01,彰化縣,-162.0
2495,2015-02-01,彰化縣,-259.0
2496,2015-03-01,彰化縣,-558.0
2497,2015-04-01,彰化縣,-703.0
2498,2015-05-01,彰化縣,-286.0
2499,2015-06-01,彰化縣,-232.0
2500,2015-07-01,彰化縣,-344.0
2501,2015-08-01,彰化縣,-401.0
2502,2015-09-01,彰化縣,-234.0
2503,2015-10-01,彰化縣,51.0
2504,2015-11-01,彰化縣,350.0
2505,2015-12-01,彰化縣,376.0
2506,2016-01-01,彰化縣,223.0
2507,2016-02-01,彰化縣,-86.0
2508,2016-03-01,彰化縣,-264.0
2509,2016-04-01,彰化縣,-22.0
2510,2016-05-01,彰化縣,-147.0
2511,2016-06-01,彰化縣,27.0
2512,2016-07-01,彰化縣,167.0
2513,2016-08-01,彰化縣,-625.0
2514,2016-09-01,彰化縣,-680.0
2515,2016-10-01,彰化縣,-215.0
2516,2016-11-01,彰化縣,-285.0
2517,2016-12-01,彰化縣,-19.0
2518,2017-01-01,彰化縣,-304.0
2519,2017-02-01,彰化縣,-496.0
2520,2017-03-01,彰化縣,-461.0
2521,2017-04-01,彰化縣,-435.0
2522,2017-05-01,彰化縣,-665.0
2523,2017-06-01,彰化縣,-362.0
2524,2017-07-01,彰化縣,-378.0
2525,2017-08-01,彰化縣,-619.0
2526,2017-09-01,彰化縣,-435.0
2527,2017-10-01,彰化縣,-57.0
2528,2017-11-01,彰化縣,-265.0
2529,2017-12-01,彰化縣,-211.0
2530,2018-01-01,彰化縣,-518.0
2531,2018-02-01,彰化縣,-636.0
2532,2018-03-01,彰化縣,-776.0
2533,2018-04-01,彰化縣,-490.0
2534,2018-05-01,彰化縣,-578.0
2535,2018-06-01,彰化縣,-184.0
2536,2018-07-01,彰化縣,-331.0
2537,2018-08-01,彰化縣,-377.0
2538,2018-09-01,彰化縣,-257.0
2539,2018-10-01,彰化縣,126.0
2540,2018-11-01,彰化縣,-66.0
2541,2018-12-01,彰化縣,-547.0
2542,2019-01-01,彰化縣,-648.0
2543,2019-02-01,彰化縣,-410.0
2544,2019-03-01,彰化縣,-477.0
2545,2019-04-01,彰化縣,-620.0
2546,2019-05-01,彰化縣,-558.0
2547,2019-06-01,彰化縣,-387.0
2548,2019-07-01,彰化縣,-450.0
2549,2019-08-01,彰化縣,-661.0
2551,2007-04-01,屏東縣,-328.0
2552,2007-05-01,屏東縣,-529.0
2553,2007-06-01,屏東縣,-305.0
2554,2007-07-01,屏東縣,-180.0
2555,2007-08-01,屏東縣,-346.0
2556,2007-09-01,屏東縣,-421.0
2557,2007-10-01,屏東縣,-13.0
2558,2007-11-01,屏東縣,-95.0
2559,2007-12-01,屏東縣,-135.0
2560,2008-01-01,屏東縣,-244.0
2561,2008-02-01,屏東縣,-414.0
2562,2008-03-01,屏東縣,-401.0
2563,2008-04-01,屏東縣,-590.0
2564,2008-05-01,屏東縣,-639.0
2565,2008-06-01,屏東縣,-489.0
2566,2008-07-01,屏東縣,-272.0
2567,2008-08-01,屏東縣,-321.0
2568,2008-09-01,屏東縣,-553.0
2569,2008-10-01,屏東縣,-197.0
2570,2008-11-01,屏東縣,-127.0
2571,2008-12-01,屏東縣,-478.0
2572,2009-01-01,屏東縣,14.0
2573,2009-02-01,屏東縣,-368.0
2574,2009-03-01,屏東縣,-417.0
2575,2009-04-01,屏東縣,-405.0
2576,2009-05-01,屏東縣,-278.0
2577,2009-06-01,屏東縣,-309.0
2578,2009-07-01,屏東縣,-154.0
2579,2009-08-01,屏東縣,-320.0
2580,2009-09-01,屏東縣,-90.0
2581,2009-10-01,屏東縣,64.0
2582,2009-11-01,屏東縣,221.0
2583,2009-12-01,屏東縣,-156.0
2584,2010-01-01,屏東縣,-301.0
2585,2010-02-01,屏東縣,-148.0
2586,2010-03-01,屏東縣,-806.0
2587,2010-04-01,屏東縣,-835.0
2588,2010-05-01,屏東縣,-804.0
2589,2010-06-01,屏東縣,-1684.0
2590,2010-07-01,屏東縣,-953.0
2591,2010-08-01,屏東縣,-928.0
2592,2010-09-01,屏東縣,-802.0
2593,2010-10-01,屏東縣,-683.0
2594,2010-11-01,屏東縣,-615.0
2595,2010-12-01,屏東縣,-572.0
2596,2011-01-01,屏東縣,-616.0
2597,2011-02-01,屏東縣,-631.0
2598,2011-03-01,屏東縣,-800.0
2599,2011-04-01,屏東縣,-895.0
2600,2011-05-01,屏東縣,-950.0
2601,2011-06-01,屏東縣,-790.0
2602,2011-07-01,屏東縣,-689.0
2603,2011-08-01,屏東縣,-1025.0
2604,2011-09-01,屏東縣,-968.0
2605,2011-10-01,屏東縣,-630.0
2606,2011-11-01,屏東縣,-536.0
2607,2011-12-01,屏東縣,-450.0
2608,2012-01-01,屏東縣,-448.0
2609,2012-02-01,屏東縣,-541.0
2610,2012-03-01,屏東縣,-594.0
2611,2012-04-01,屏東縣,-583.0
2612,2012-05-01,屏東縣,-435.0
2613,2012-06-01,屏東縣,-555.0
2614,2012-07-01,屏東縣,-614.0
2615,2012-08-01,屏東縣,-715.0
2616,2012-09-01,屏東縣,-621.0
2617,2012-10-01,屏東縣,-357.0
2618,2012-11-01,屏東縣,-327.0
2619,2012-12-01,屏東縣,-298.0
2620,2013-01-01,屏東縣,-502.0
2621,2013-02-01,屏東縣,-370.0
2622,2013-03-01,屏東縣,-552.0
2623,2013-04-01,屏東縣,-495.0
2624,2013-05-01,屏東縣,-789.0
2625,2013-06-01,屏東縣,-388.0
2626,2013-07-01,屏東縣,-556.0
2627,2013-08-01,屏東縣,-563.0
2628,2013-09-01,屏東縣,-619.0
2629,2013-10-01,屏東縣,-477.0
2630,2013-11-01,屏東縣,-293.0
2631,2013-12-01,屏東縣,-551.0
2632,2014-01-01,屏東縣,-512.0
2633,2014-02-01,屏東縣,-342.0
2634,2014-03-01,屏東縣,-305.0
2635,2014-04-01,屏東縣,-196.0
2636,2014-05-01,屏東縣,-238.0
2637,2014-06-01,屏東縣,-166.0
2638,2014-07-01,屏東縣,-361.0
2639,2014-08-01,屏東縣,-372.0
2640,2014-09-01,屏東縣,-468.0
2641,2014-10-01,屏東縣,-213.0
2642,2014-11-01,屏東縣,-309.0
2643,2014-12-01,屏東縣,-887.0
2644,2015-01-01,屏東縣,-762.0
2645,2015-02-01,屏東縣,-505.0
2646,2015-03-01,屏東縣,-871.0
2647,2015-04-01,屏東縣,-700.0
2648,2015-05-01,屏東縣,-634.0
2649,2015-06-01,屏東縣,-464.0
2650,2015-07-01,屏東縣,-459.0
2651,2015-08-01,屏東縣,-546.0
2652,2015-09-01,屏東縣,-551.0
2653,2015-10-01,屏東縣,-328.0
2654,2015-11-01,屏東縣,-428.0
2655,2015-12-01,屏東縣,-416.0
2656,2016-01-01,屏東縣,-322.0
2657,2016-02-01,屏東縣,-523.0
2658,2016-03-01,屏東縣,-648.0
2659,2016-04-01,屏東縣,-421.0
2660,2016-05-01,屏東縣,-338.0
2661,2016-06-01,屏東縣,-417.0
2662,2016-07-01,屏東縣,-418.0
2663,2016-08-01,屏東縣,-466.0
2664,2016-09-01,屏東縣,-652.0
2665,2016-10-01,屏東縣,-349.0
2666,2016-11-01,屏東縣,-456.0
2667,2016-12-01,屏東縣,-451.0
2668,2017-01-01,屏東縣,-383.0
2669,2017-02-01,屏東縣,-602.0
2670,2017-03-01,屏東縣,-616.0
2671,2017-04-01,屏東縣,-589.0
2672,2017-05-01,屏東縣,-608.0
2673,2017-06-01,屏東縣,-505.0
2674,2017-07-01,屏東縣,-362.0
2675,2017-08-01,屏東縣,-498.0
2676,2017-09-01,屏東縣,-556.0
2677,2017-10-01,屏東縣,-376.0
2678,2017-11-01,屏東縣,-394.0
2679,2017-12-01,屏東縣,-364.0
2680,2018-01-01,屏東縣,-464.0
2681,2018-02-01,屏東縣,-381.0
2682,2018-03-01,屏東縣,-440.0
2683,2018-04-01,屏東縣,-130.0
2684,2018-05-01,屏東縣,-61.0
2685,2018-06-01,屏東縣,-188.0
2686,2018-07-01,屏東縣,-192.0
2687,2018-08-01,屏東縣,-484.0
2688,2018-09-01,屏東縣,-548.0
2689,2018-10-01,屏東縣,-272.0
2690,2018-11-01,屏東縣,-456.0
2691,2018-12-01,屏東縣,-917.0
2692,2019-01-01,屏東縣,-819.0
2693,2019-02-01,屏東縣,-635.0
2694,2019-03-01,屏東縣,-696.0
2695,2019-04-01,屏東縣,-547.0
2696,2019-05-01,屏東縣,-439.0
2697,2019-06-01,屏東縣,-436.0
2698,2019-07-01,屏東縣,-638.0
2699,2019-08-01,屏東縣,-398.0
2701,2007-04-01,宜蘭縣,54.0
2702,2007-05-01,宜蘭縣,-104.0
2703,2007-06-01,宜蘭縣,-28.0
2704,2007-07-01,宜蘭縣,78.0
2705,2007-08-01,宜蘭縣,101.0
2706,2007-09-01,宜蘭縣,-119.0
2707,2007-10-01,宜蘭縣,25.0
2708,2007-11-01,宜蘭縣,140.0
2709,2007-12-01,宜蘭縣,40.0
2710,2008-01-01,宜蘭縣,-79.0
2711,2008-02-01,宜蘭縣,265.0
2712,2008-03-01,宜蘭縣,72.0
2713,2008-04-01,宜蘭縣,336.0
2714,2008-05-01,宜蘭縣,-74.0
2715,2008-06-01,宜蘭縣,164.0
2716,2008-07-01,宜蘭縣,44.0
2717,2008-08-01,宜蘭縣,142.0
2718,2008-09-01,宜蘭縣,-174.0
2719,2008-10-01,宜蘭縣,-84.0
2720,2008-11-01,宜蘭縣,33.0
2721,2008-12-01,宜蘭縣,-141.0
2722,2009-01-01,宜蘭縣,111.0
2723,2009-02-01,宜蘭縣,-271.0
2724,2009-03-01,宜蘭縣,166.0
2725,2009-04-01,宜蘭縣,-9.0
2726,2009-05-01,宜蘭縣,-62.0
2727,2009-06-01,宜蘭縣,624.0
2728,2009-07-01,宜蘭縣,-193.0
2729,2009-08-01,宜蘭縣,-17.0
2730,2009-09-01,宜蘭縣,-48.0
2731,2009-10-01,宜蘭縣,142.0
2732,2009-11-01,宜蘭縣,154.0
2733,2009-12-01,宜蘭縣,126.0
2734,2010-01-01,宜蘭縣,251.0
2735,2010-02-01,宜蘭縣,25.0
2736,2010-03-01,宜蘭縣,-118.0
2737,2010-04-01,宜蘭縣,-191.0
2738,2010-05-01,宜蘭縣,-183.0
2739,2010-06-01,宜蘭縣,-805.0
2740,2010-07-01,宜蘭縣,72.0
2741,2010-08-01,宜蘭縣,43.0
2742,2010-09-01,宜蘭縣,-40.0
2743,2010-10-01,宜蘭縣,-109.0
2744,2010-11-01,宜蘭縣,-12.0
2745,2010-12-01,宜蘭縣,-72.0
2746,2011-01-01,宜蘭縣,-118.0
2747,2011-02-01,宜蘭縣,-148.0
2748,2011-03-01,宜蘭縣,-184.0
2749,2011-04-01,宜蘭縣,-290.0
2750,2011-05-01,宜蘭縣,-241.0
2751,2011-06-01,宜蘭縣,-156.0
2752,2011-07-01,宜蘭縣,9.0
2753,2011-08-01,宜蘭縣,-11.0
2754,2011-09-01,宜蘭縣,-15.0
2755,2011-10-01,宜蘭縣,-36.0
2756,2011-11-01,宜蘭縣,-69.0
2757,2011-12-01,宜蘭縣,-166.0
2758,2012-01-01,宜蘭縣,-43.0
2759,2012-02-01,宜蘭縣,-226.0
2760,2012-03-01,宜蘭縣,-181.0
2761,2012-04-01,宜蘭縣,-132.0
2762,2012-05-01,宜蘭縣,32.0
2763,2012-06-01,宜蘭縣,105.0
2764,2012-07-01,宜蘭縣,-102.0
2765,2012-08-01,宜蘭縣,36.0
2766,2012-09-01,宜蘭縣,-118.0
2767,2012-10-01,宜蘭縣,6.0
2768,2012-11-01,宜蘭縣,110.0
2769,2012-12-01,宜蘭縣,47.0
2770,2013-01-01,宜蘭縣,4.0
2771,2013-02-01,宜蘭縣,0.0
2772,2013-03-01,宜蘭縣,0.0
2773,2013-04-01,宜蘭縣,-47.0
2774,2013-05-01,宜蘭縣,30.0
2775,2013-06-01,宜蘭縣,20.0
2776,2013-07-01,宜蘭縣,34.0
2777,2013-08-01,宜蘭縣,12.0
2778,2013-09-01,宜蘭縣,-68.0
2779,2013-10-01,宜蘭縣,-22.0
2780,2013-11-01,宜蘭縣,-44.0
2781,2013-12-01,宜蘭縣,-58.0
2782,2014-01-01,宜蘭縣,-78.0
2783,2014-02-01,宜蘭縣,-66.0
2784,2014-03-01,宜蘭縣,115.0
2785,2014-04-01,宜蘭縣,123.0
2786,2014-05-01,宜蘭縣,18.0
2787,2014-06-01,宜蘭縣,203.0
2788,2014-07-01,宜蘭縣,15.0
2789,2014-08-01,宜蘭縣,91.0
2790,2014-09-01,宜蘭縣,-93.0
2791,2014-10-01,宜蘭縣,15.0
2792,2014-11-01,宜蘭縣,81.0
2793,2014-12-01,宜蘭縣,-103.0
2794,2015-01-01,宜蘭縣,-86.0
2795,2015-02-01,宜蘭縣,-201.0
2796,2015-03-01,宜蘭縣,-120.0
2797,2015-04-01,宜蘭縣,-97.0
2798,2015-05-01,宜蘭縣,-23.0
2799,2015-06-01,宜蘭縣,63.0
2800,2015-07-01,宜蘭縣,-14.0
2801,2015-08-01,宜蘭縣,76.0
2802,2015-09-01,宜蘭縣,-114.0
2803,2015-10-01,宜蘭縣,-183.0
2804,2015-11-01,宜蘭縣,-8.0
2805,2015-12-01,宜蘭縣,47.0
2806,2016-01-01,宜蘭縣,-80.0
2807,2016-02-01,宜蘭縣,-42.0
2808,2016-03-01,宜蘭縣,-141.0
2809,2016-04-01,宜蘭縣,-39.0
2810,2016-05-01,宜蘭縣,-4.0
2811,2016-06-01,宜蘭縣,-3.0
2812,2016-07-01,宜蘭縣,-62.0
2813,2016-08-01,宜蘭縣,42.0
2814,2016-09-01,宜蘭縣,-117.0
2815,2016-10-01,宜蘭縣,-72.0
2816,2016-11-01,宜蘭縣,-12.0
2817,2016-12-01,宜蘭縣,-49.0
2818,2017-01-01,宜蘭縣,-189.0
2819,2017-02-01,宜蘭縣,-26.0
2820,2017-03-01,宜蘭縣,-118.0
2821,2017-04-01,宜蘭縣,-112.0
2822,2017-05-01,宜蘭縣,40.0
2823,2017-06-01,宜蘭縣,-27.0
2824,2017-07-01,宜蘭縣,-121.0
2825,2017-08-01,宜蘭縣,-81.0
2826,2017-09-01,宜蘭縣,-53.0
2827,2017-10-01,宜蘭縣,-95.0
2828,2017-11-01,宜蘭縣,-68.0
2829,2017-12-01,宜蘭縣,-81.0
2830,2018-01-01,宜蘭縣,-245.0
2831,2018-02-01,宜蘭縣,-103.0
2832,2018-03-01,宜蘭縣,-191.0
2833,2018-04-01,宜蘭縣,-2.0
2834,2018-05-01,宜蘭縣,-19.0
2835,2018-06-01,宜蘭縣,-41.0
2836,2018-07-01,宜蘭縣,-82.0
2837,2018-08-01,宜蘭縣,-166.0
2838,2018-09-01,宜蘭縣,-166.0
2839,2018-10-01,宜蘭縣,-84.0
2840,2018-11-01,宜蘭縣,-132.0
2841,2018-12-01,宜蘭縣,-155.0
2842,2019-01-01,宜蘭縣,-186.0
2843,2019-02-01,宜蘭縣,-113.0
2844,2019-03-01,宜蘭縣,-152.0
2845,2019-04-01,宜蘭縣,-38.0
2846,2019-05-01,宜蘭縣,-7.0
2847,2019-06-01,宜蘭縣,-19.0
2848,2019-07-01,宜蘭縣,-70.0
2849,2019-08-01,宜蘭縣,-57.0
2851,2007-04-01,基隆市,43.0
2852,2007-05-01,基隆市,-75.0
2853,2007-06-01,基隆市,-81.0
2854,2007-07-01,基隆市,-70.0
2855,2007-08-01,基隆市,-44.0
2856,2007-09-01,基隆市,3.0
2857,2007-10-01,基隆市,122.0
2858,2007-11-01,基隆市,29.0
2859,2007-12-01,基隆市,58.0
2860,2008-01-01,基隆市,-181.0
2861,2008-02-01,基隆市,-132.0
2862,2008-03-01,基隆市,-169.0
2863,2008-04-01,基隆市,-185.0
2864,2008-05-01,基隆市,-130.0
2865,2008-06-01,基隆市,-157.0
2866,2008-07-01,基隆市,-230.0
2867,2008-08-01,基隆市,-79.0
2868,2008-09-01,基隆市,-47.0
2869,2008-10-01,基隆市,-111.0
2870,2008-11-01,基隆市,59.0
2871,2008-12-01,基隆市,-56.0
2872,2009-01-01,基隆市,88.0
2873,2009-02-01,基隆市,-280.0
2874,2009-03-01,基隆市,-23.0
2875,2009-04-01,基隆市,-67.0
2876,2009-05-01,基隆市,-4.0
2877,2009-06-01,基隆市,10.0
2878,2009-07-01,基隆市,-19.0
2879,2009-08-01,基隆市,-60.0
2880,2009-09-01,基隆市,-148.0
2881,2009-10-01,基隆市,66.0
2882,2009-11-01,基隆市,-46.0
2883,2009-12-01,基隆市,-175.0
2884,2010-01-01,基隆市,-185.0
2885,2010-02-01,基隆市,-119.0
2886,2010-03-01,基隆市,-393.0
2887,2010-04-01,基隆市,-417.0
2888,2010-05-01,基隆市,-450.0
2889,2010-06-01,基隆市,-888.0
2890,2010-07-01,基隆市,-337.0
2891,2010-08-01,基隆市,-144.0
2892,2010-09-01,基隆市,-434.0
2893,2010-10-01,基隆市,-364.0
2894,2010-11-01,基隆市,-294.0
2895,2010-12-01,基隆市,-162.0
2896,2011-01-01,基隆市,-454.0
2897,2011-02-01,基隆市,-328.0
2898,2011-03-01,基隆市,-487.0
2899,2011-04-01,基隆市,-314.0
2900,2011-05-01,基隆市,-415.0
2901,2011-06-01,基隆市,-366.0
2902,2011-07-01,基隆市,-449.0
2903,2011-08-01,基隆市,-265.0
2904,2011-09-01,基隆市,-409.0
2905,2011-10-01,基隆市,-146.0
2906,2011-11-01,基隆市,-220.0
2907,2011-12-01,基隆市,-354.0
2908,2012-01-01,基隆市,-185.0
2909,2012-02-01,基隆市,-326.0
2910,2012-03-01,基隆市,-395.0
2911,2012-04-01,基隆市,-135.0
2912,2012-05-01,基隆市,-364.0
2913,2012-06-01,基隆市,-221.0
2914,2012-07-01,基隆市,-269.0
2915,2012-08-01,基隆市,-288.0
2916,2012-09-01,基隆市,-207.0
2917,2012-10-01,基隆市,-228.0
2918,2012-11-01,基隆市,-50.0
2919,2012-12-01,基隆市,-106.0
2920,2013-01-01,基隆市,-132.0
2921,2013-02-01,基隆市,-165.0
2922,2013-03-01,基隆市,-197.0
2923,2013-04-01,基隆市,-95.0
2924,2013-05-01,基隆市,-192.0
2925,2013-06-01,基隆市,-290.0
2926,2013-07-01,基隆市,-248.0
2927,2013-08-01,基隆市,-79.0
2928,2013-09-01,基隆市,-342.0
2929,2013-10-01,基隆市,-209.0
2930,2013-11-01,基隆市,-141.0
2931,2013-12-01,基隆市,-149.0
2932,2014-01-01,基隆市,-115.0
2933,2014-02-01,基隆市,-141.0
2934,2014-03-01,基隆市,-230.0
2935,2014-04-01,基隆市,-159.0
2936,2014-05-01,基隆市,-271.0
2937,2014-06-01,基隆市,-212.0
2938,2014-07-01,基隆市,-84.0
2939,2014-08-01,基隆市,19.0
2940,2014-09-01,基隆市,-124.0
2941,2014-10-01,基隆市,-134.0
2942,2014-11-01,基隆市,-123.0
2943,2014-12-01,基隆市,-263.0
2944,2015-01-01,基隆市,-66.0
2945,2015-02-01,基隆市,-55.0
2946,2015-03-01,基隆市,13.0
2947,2015-04-01,基隆市,16.0
2948,2015-05-01,基隆市,-194.0
2949,2015-06-01,基隆市,-4.0
2950,2015-07-01,基隆市,-167.0
2951,2015-08-01,基隆市,-16.0
2952,2015-09-01,基隆市,-93.0
2953,2015-10-01,基隆市,-156.0
2954,2015-11-01,基隆市,-129.0
2955,2015-12-01,基隆市,-121.0
2956,2016-01-01,基隆市,-86.0
2957,2016-02-01,基隆市,-105.0
2958,2016-03-01,基隆市,-32.0
2959,2016-04-01,基隆市,155.0
2960,2016-05-01,基隆市,-159.0
2961,2016-06-01,基隆市,-41.0
2962,2016-07-01,基隆市,64.0
2963,2016-08-01,基隆市,85.0
2964,2016-09-01,基隆市,33.0
2965,2016-10-01,基隆市,29.0
2966,2016-11-01,基隆市,14.0
2967,2016-12-01,基隆市,38.0
2968,2017-01-01,基隆市,-56.0
2969,2017-02-01,基隆市,5.0
2970,2017-03-01,基隆市,-76.0
2971,2017-04-01,基隆市,113.0
2972,2017-05-01,基隆市,-105.0
2973,2017-06-01,基隆市,-105.0
2974,2017-07-01,基隆市,-23.0
2975,2017-08-01,基隆市,-34.0
2976,2017-09-01,基隆市,-61.0
2977,2017-10-01,基隆市,-89.0
2978,2017-11-01,基隆市,-109.0
2979,2017-12-01,基隆市,-102.0
2980,2018-01-01,基隆市,-141.0
2981,2018-02-01,基隆市,-113.0
2982,2018-03-01,基隆市,-85.0
2983,2018-04-01,基隆市,-20.0
2984,2018-05-01,基隆市,-155.0
2985,2018-06-01,基隆市,-149.0
2986,2018-07-01,基隆市,-183.0
2987,2018-08-01,基隆市,-151.0
2988,2018-09-01,基隆市,-93.0
2989,2018-10-01,基隆市,-99.0
2990,2018-11-01,基隆市,-63.0
2991,2018-12-01,基隆市,-51.0
2992,2019-01-01,基隆市,-168.0
2993,2019-02-01,基隆市,-71.0
2994,2019-03-01,基隆市,-68.0
2995,2019-04-01,基隆市,-28.0
2996,2019-05-01,基隆市,-207.0
2997,2019-06-01,基隆市,-138.0
2998,2019-07-01,基隆市,-115.0
2999,2019-08-01,基隆市,-55.0
3001,2007-04-01,嘉義縣,-373.0
3002,2007-05-01,嘉義縣,-173.0
3003,2007-06-01,嘉義縣,-280.0
3004,2007-07-01,嘉義縣,-113.0
3005,2007-08-01,嘉義縣,-146.0
3006,2007-09-01,嘉義縣,-236.0
3007,2007-10-01,嘉義縣,-89.0
3008,2007-11-01,嘉義縣,-46.0
3009,2007-12-01,嘉義縣,-18.0
3010,2008-01-01,嘉義縣,-191.0
3011,2008-02-01,嘉義縣,-395.0
3012,2008-03-01,嘉義縣,-415.0
3013,2008-04-01,嘉義縣,-516.0
3014,2008-05-01,嘉義縣,-374.0
3015,2008-06-01,嘉義縣,-189.0
3016,2008-07-01,嘉義縣,-263.0
3017,2008-08-01,嘉義縣,-248.0
3018,2008-09-01,嘉義縣,-102.0
3019,2008-10-01,嘉義縣,-49.0
3020,2008-11-01,嘉義縣,9.0
3021,2008-12-01,嘉義縣,119.0
3022,2009-01-01,嘉義縣,70.0
3023,2009-02-01,嘉義縣,-449.0
3024,2009-03-01,嘉義縣,-313.0
3025,2009-04-01,嘉義縣,-337.0
3026,2009-05-01,嘉義縣,-108.0
3027,2009-06-01,嘉義縣,-44.0
3028,2009-07-01,嘉義縣,92.0
3029,2009-08-01,嘉義縣,-117.0
3030,2009-09-01,嘉義縣,-340.0
3031,2009-10-01,嘉義縣,82.0
3032,2009-11-01,嘉義縣,190.0
3033,2009-12-01,嘉義縣,259.0
3034,2010-01-01,嘉義縣,-7.0
3035,2010-02-01,嘉義縣,-81.0
3036,2010-03-01,嘉義縣,-727.0
3037,2010-04-01,嘉義縣,-515.0
3038,2010-05-01,嘉義縣,-508.0
3039,2010-06-01,嘉義縣,-1096.0
3040,2010-07-01,嘉義縣,-408.0
3041,2010-08-01,嘉義縣,-138.0
3042,2010-09-01,嘉義縣,-383.0
3043,2010-10-01,嘉義縣,-115.0
3044,2010-11-01,嘉義縣,-186.0
3045,2010-12-01,嘉義縣,-304.0
3046,2011-01-01,嘉義縣,-416.0
3047,2011-02-01,嘉義縣,-544.0
3048,2011-03-01,嘉義縣,-651.0
3049,2011-04-01,嘉義縣,-489.0
3050,2011-05-01,嘉義縣,-484.0
3051,2011-06-01,嘉義縣,-605.0
3052,2011-07-01,嘉義縣,-392.0
3053,2011-08-01,嘉義縣,-505.0
3054,2011-09-01,嘉義縣,-383.0
3055,2011-10-01,嘉義縣,-343.0
3056,2011-11-01,嘉義縣,-227.0
3057,2011-12-01,嘉義縣,-267.0
3058,2012-01-01,嘉義縣,-314.0
3059,2012-02-01,嘉義縣,-556.0
3060,2012-03-01,嘉義縣,-699.0
3061,2012-04-01,嘉義縣,-528.0
3062,2012-05-01,嘉義縣,-492.0
3063,2012-06-01,嘉義縣,-308.0
3064,2012-07-01,嘉義縣,-359.0
3065,2012-08-01,嘉義縣,-299.0
3066,2012-09-01,嘉義縣,-209.0
3067,2012-10-01,嘉義縣,-193.0
3068,2012-11-01,嘉義縣,-52.0
3069,2012-12-01,嘉義縣,-210.0
3070,2013-01-01,嘉義縣,-319.0
3071,2013-02-01,嘉義縣,-298.0
3072,2013-03-01,嘉義縣,-565.0
3073,2013-04-01,嘉義縣,-592.0
3074,2013-05-01,嘉義縣,-457.0
3075,2013-06-01,嘉義縣,-466.0
3076,2013-07-01,嘉義縣,-308.0
3077,2013-08-01,嘉義縣,-353.0
3078,2013-09-01,嘉義縣,-361.0
3079,2013-10-01,嘉義縣,-254.0
3080,2013-11-01,嘉義縣,-182.0
3081,2013-12-01,嘉義縣,-339.0
3082,2014-01-01,嘉義縣,-404.0
3083,2014-02-01,嘉義縣,-677.0
3084,2014-03-01,嘉義縣,-427.0
3085,2014-04-01,嘉義縣,-251.0
3086,2014-05-01,嘉義縣,-274.0
3087,2014-06-01,嘉義縣,-260.0
3088,2014-07-01,嘉義縣,-201.0
3089,2014-08-01,嘉義縣,-266.0
3090,2014-09-01,嘉義縣,-441.0
3091,2014-10-01,嘉義縣,-253.0
3092,2014-11-01,嘉義縣,-196.0
3093,2014-12-01,嘉義縣,-796.0
3094,2015-01-01,嘉義縣,-507.0
3095,2015-02-01,嘉義縣,-441.0
3096,2015-03-01,嘉義縣,-673.0
3097,2015-04-01,嘉義縣,-575.0
3098,2015-05-01,嘉義縣,-522.0
3099,2015-06-01,嘉義縣,-474.0
3100,2015-07-01,嘉義縣,-405.0
3101,2015-08-01,嘉義縣,-276.0
3102,2015-09-01,嘉義縣,-240.0
3103,2015-10-01,嘉義縣,-246.0
3104,2015-11-01,嘉義縣,-305.0
3105,2015-12-01,嘉義縣,-280.0
3106,2016-01-01,嘉義縣,-357.0
3107,2016-02-01,嘉義縣,-437.0
3108,2016-03-01,嘉義縣,-538.0
3109,2016-04-01,嘉義縣,-481.0
3110,2016-05-01,嘉義縣,-328.0
3111,2016-06-01,嘉義縣,-359.0
3112,2016-07-01,嘉義縣,-115.0
3113,2016-08-01,嘉義縣,-309.0
3114,2016-09-01,嘉義縣,-384.0
3115,2016-10-01,嘉義縣,-313.0
3116,2016-11-01,嘉義縣,-383.0
3117,2016-12-01,嘉義縣,-515.0
3118,2017-01-01,嘉義縣,-308.0
3119,2017-02-01,嘉義縣,-295.0
3120,2017-03-01,嘉義縣,-583.0
3121,2017-04-01,嘉義縣,-362.0
3122,2017-05-01,嘉義縣,-379.0
3123,2017-06-01,嘉義縣,-311.0
3124,2017-07-01,嘉義縣,-290.0
3125,2017-08-01,嘉義縣,-244.0
3126,2017-09-01,嘉義縣,-484.0
3127,2017-10-01,嘉義縣,-267.0
3128,2017-11-01,嘉義縣,-277.0
3129,2017-12-01,嘉義縣,-338.0
3130,2018-01-01,嘉義縣,-376.0
3131,2018-02-01,嘉義縣,-308.0
3132,2018-03-01,嘉義縣,-480.0
3133,2018-04-01,嘉義縣,-341.0
3134,2018-05-01,嘉義縣,-317.0
3135,2018-06-01,嘉義縣,-199.0
3136,2018-07-01,嘉義縣,-432.0
3137,2018-08-01,嘉義縣,-357.0
3138,2018-09-01,嘉義縣,-334.0
3139,2018-10-01,嘉義縣,-258.0
3140,2018-11-01,嘉義縣,-318.0
3141,2018-12-01,嘉義縣,-394.0
3142,2019-01-01,嘉義縣,-509.0
3143,2019-02-01,嘉義縣,-353.0
3144,2019-03-01,嘉義縣,-421.0
3145,2019-04-01,嘉義縣,-377.0
3146,2019-05-01,嘉義縣,-373.0
3147,2019-06-01,嘉義縣,-285.0
3148,2019-07-01,嘉義縣,-297.0
3149,2019-08-01,嘉義縣,-347.0
3151,2007-04-01,嘉義市,213.0
3152,2007-05-01,嘉義市,37.0
3153,2007-06-01,嘉義市,247.0
3154,2007-07-01,嘉義市,93.0
3155,2007-08-01,嘉義市,-14.0
3156,2007-09-01,嘉義市,7.0
3157,2007-10-01,嘉義市,47.0
3158,2007-11-01,嘉義市,48.0
3159,2007-12-01,嘉義市,176.0
3160,2008-01-01,嘉義市,62.0
3161,2008-02-01,嘉義市,148.0
3162,2008-03-01,嘉義市,137.0
3163,2008-04-01,嘉義市,64.0
3164,2008-05-01,嘉義市,189.0
3165,2008-06-01,嘉義市,114.0
3166,2008-07-01,嘉義市,178.0
3167,2008-08-01,嘉義市,107.0
3168,2008-09-01,嘉義市,-42.0
3169,2008-10-01,嘉義市,54.0
3170,2008-11-01,嘉義市,-22.0
3171,2008-12-01,嘉義市,-271.0
3172,2009-01-01,嘉義市,20.0
3173,2009-02-01,嘉義市,53.0
3174,2009-03-01,嘉義市,202.0
3175,2009-04-01,嘉義市,144.0
3176,2009-05-01,嘉義市,-124.0
3177,2009-06-01,嘉義市,83.0
3178,2009-07-01,嘉義市,-44.0
3179,2009-08-01,嘉義市,-76.0
3180,2009-09-01,嘉義市,-175.0
3181,2009-10-01,嘉義市,-15.0
3182,2009-11-01,嘉義市,69.0
3183,2009-12-01,嘉義市,-69.0
3184,2010-01-01,嘉義市,-83.0
3185,2010-02-01,嘉義市,-87.0
3186,2010-03-01,嘉義市,26.0
3187,2010-04-01,嘉義市,-78.0
3188,2010-05-01,嘉義市,-195.0
3189,2010-06-01,嘉義市,-562.0
3190,2010-07-01,嘉義市,-49.0
3191,2010-08-01,嘉義市,-51.0
3192,2010-09-01,嘉義市,-71.0
3193,2010-10-01,嘉義市,-188.0
3194,2010-11-01,嘉義市,-101.0
3195,2010-12-01,嘉義市,-32.0
3196,2011-01-01,嘉義市,-70.0
3197,2011-02-01,嘉義市,-86.0
3198,2011-03-01,嘉義市,-53.0
3199,2011-04-01,嘉義市,37.0
3200,2011-05-01,嘉義市,-42.0
3201,2011-06-01,嘉義市,-48.0
3202,2011-07-01,嘉義市,-134.0
3203,2011-08-01,嘉義市,-34.0
3204,2011-09-01,嘉義市,-202.0
3205,2011-10-01,嘉義市,-114.0
3206,2011-11-01,嘉義市,-50.0
3207,2011-12-01,嘉義市,-68.0
3208,2012-01-01,嘉義市,-2.0
3209,2012-02-01,嘉義市,25.0
3210,2012-03-01,嘉義市,-85.0
3211,2012-04-01,嘉義市,131.0
3212,2012-05-01,嘉義市,100.0
3213,2012-06-01,嘉義市,-6.0
3214,2012-07-01,嘉義市,-101.0
3215,2012-08-01,嘉義市,-189.0
3216,2012-09-01,嘉義市,-60.0
3217,2012-10-01,嘉義市,-51.0
3218,2012-11-01,嘉義市,-5.0
3219,2012-12-01,嘉義市,-63.0
3220,2013-01-01,嘉義市,36.0
3221,2013-02-01,嘉義市,-61.0
3222,2013-03-01,嘉義市,45.0
3223,2013-04-01,嘉義市,98.0
3224,2013-05-01,嘉義市,-26.0
3225,2013-06-01,嘉義市,-21.0
3226,2013-07-01,嘉義市,-68.0
3227,2013-08-01,嘉義市,37.0
3228,2013-09-01,嘉義市,-154.0
3229,2013-10-01,嘉義市,-137.0
3230,2013-11-01,嘉義市,-35.0
3231,2013-12-01,嘉義市,-62.0
3232,2014-01-01,嘉義市,69.0
3233,2014-02-01,嘉義市,131.0
3234,2014-03-01,嘉義市,31.0
3235,2014-04-01,嘉義市,-40.0
3236,2014-05-01,嘉義市,-80.0
3237,2014-06-01,嘉義市,-142.0
3238,2014-07-01,嘉義市,-23.0
3239,2014-08-01,嘉義市,67.0
3240,2014-09-01,嘉義市,-59.0
3241,2014-10-01,嘉義市,-47.0
3242,2014-11-01,嘉義市,79.0
3243,2014-12-01,嘉義市,25.0
3244,2015-01-01,嘉義市,42.0
3245,2015-02-01,嘉義市,-50.0
3246,2015-03-01,嘉義市,-8.0
3247,2015-04-01,嘉義市,142.0
3248,2015-05-01,嘉義市,-51.0
3249,2015-06-01,嘉義市,-62.0
3250,2015-07-01,嘉義市,-164.0
3251,2015-08-01,嘉義市,-76.0
3252,2015-09-01,嘉義市,-183.0
3253,2015-10-01,嘉義市,-77.0
3254,2015-11-01,嘉義市,19.0
3255,2015-12-01,嘉義市,-49.0
3256,2016-01-01,嘉義市,-93.0
3257,2016-02-01,嘉義市,24.0
3258,2016-03-01,嘉義市,-33.0
3259,2016-04-01,嘉義市,199.0
3260,2016-05-01,嘉義市,-168.0
3261,2016-06-01,嘉義市,-41.0
3262,2016-07-01,嘉義市,-129.0
3263,2016-08-01,嘉義市,-133.0
3264,2016-09-01,嘉義市,-102.0
3265,2016-10-01,嘉義市,-86.0
3266,2016-11-01,嘉義市,11.0
3267,2016-12-01,嘉義市,59.0
3268,2017-01-01,嘉義市,5.0
3269,2017-02-01,嘉義市,-51.0
3270,2017-03-01,嘉義市,110.0
3271,2017-04-01,嘉義市,11.0
3272,2017-05-01,嘉義市,-156.0
3273,2017-06-01,嘉義市,-76.0
3274,2017-07-01,嘉義市,-109.0
3275,2017-08-01,嘉義市,-181.0
3276,2017-09-01,嘉義市,-89.0
3277,2017-10-01,嘉義市,26.0
3278,2017-11-01,嘉義市,-26.0
3279,2017-12-01,嘉義市,60.0
3280,2018-01-01,嘉義市,-53.0
3281,2018-02-01,嘉義市,-18.0
3282,2018-03-01,嘉義市,-20.0
3283,2018-04-01,嘉義市,-68.0
3284,2018-05-01,嘉義市,-148.0
3285,2018-06-01,嘉義市,-140.0
3286,2018-07-01,嘉義市,22.0
3287,2018-08-01,嘉義市,-164.0
3288,2018-09-01,嘉義市,-110.0
3289,2018-10-01,嘉義市,42.0
3290,2018-11-01,嘉義市,-44.0
3291,2018-12-01,嘉義市,-75.0
3292,2019-01-01,嘉義市,-43.0
3293,2019-02-01,嘉義市,-36.0
3294,2019-03-01,嘉義市,-41.0
3295,2019-04-01,嘉義市,-28.0
3296,2019-05-01,嘉義市,40.0
3297,2019-06-01,嘉義市,-79.0
3298,2019-07-01,嘉義市,-204.0
3299,2019-08-01,嘉義市,-163.0
3301,2007-04-01,南投縣,-194.0
3302,2007-05-01,南投縣,-344.0
3303,2007-06-01,南投縣,-283.0
3304,2007-07-01,南投縣,-4.0
3305,2007-08-01,南投縣,-117.0
3306,2007-09-01,南投縣,-288.0
3307,2007-10-01,南投縣,237.0
3308,2007-11-01,南投縣,-22.0
3309,2007-12-01,南投縣,8.0
3310,2008-01-01,南投縣,-110.0
3311,2008-02-01,南投縣,-106.0
3312,2008-03-01,南投縣,-181.0
3313,2008-04-01,南投縣,-150.0
3314,2008-05-01,南投縣,-287.0
3315,2008-06-01,南投縣,-121.0
3316,2008-07-01,南投縣,-147.0
3317,2008-08-01,南投縣,-193.0
3318,2008-09-01,南投縣,-348.0
3319,2008-10-01,南投縣,-40.0
3320,2008-11-01,南投縣,25.0
3321,2008-12-01,南投縣,-306.0
3322,2009-01-01,南投縣,57.0
3323,2009-02-01,南投縣,-77.0
3324,2009-03-01,南投縣,-103.0
3325,2009-04-01,南投縣,-116.0
3326,2009-05-01,南投縣,-270.0
3327,2009-06-01,南投縣,63.0
3328,2009-07-01,南投縣,-130.0
3329,2009-08-01,南投縣,-236.0
3330,2009-09-01,南投縣,-186.0
3331,2009-10-01,南投縣,14.0
3332,2009-11-01,南投縣,122.0
3333,2009-12-01,南投縣,-67.0
3334,2010-01-01,南投縣,51.0
3335,2010-02-01,南投縣,-170.0
3336,2010-03-01,南投縣,-507.0
3337,2010-04-01,南投縣,-431.0
3338,2010-05-01,南投縣,-446.0
3339,2010-06-01,南投縣,-1038.0
3340,2010-07-01,南投縣,-343.0
3341,2010-08-01,南投縣,-166.0
3342,2010-09-01,南投縣,-475.0
3343,2010-10-01,南投縣,-388.0
3344,2010-11-01,南投縣,-179.0
3345,2010-12-01,南投縣,-241.0
3346,2011-01-01,南投縣,-312.0
3347,2011-02-01,南投縣,-239.0
3348,2011-03-01,南投縣,-387.0
3349,2011-04-01,南投縣,-267.0
3350,2011-05-01,南投縣,-441.0
3351,2011-06-01,南投縣,-419.0
3352,2011-07-01,南投縣,-300.0
3353,2011-08-01,南投縣,-321.0
3354,2011-09-01,南投縣,-314.0
3355,2011-10-01,南投縣,-315.0
3356,2011-11-01,南投縣,-213.0
3357,2011-12-01,南投縣,-156.0
3358,2012-01-01,南投縣,-245.0
3359,2012-02-01,南投縣,-361.0
3360,2012-03-01,南投縣,-299.0
3361,2012-04-01,南投縣,-98.0
3362,2012-05-01,南投縣,-352.0
3363,2012-06-01,南投縣,-234.0
3364,2012-07-01,南投縣,-226.0
3365,2012-08-01,南投縣,-352.0
3366,2012-09-01,南投縣,-266.0
3367,2012-10-01,南投縣,-85.0
3368,2012-11-01,南投縣,-11.0
3369,2012-12-01,南投縣,-82.0
3370,2013-01-01,南投縣,-153.0
3371,2013-02-01,南投縣,-122.0
3372,2013-03-01,南投縣,-188.0
3373,2013-04-01,南投縣,-307.0
3374,2013-05-01,南投縣,-371.0
3375,2013-06-01,南投縣,-317.0
3376,2013-07-01,南投縣,-207.0
3377,2013-08-01,南投縣,-219.0
3378,2013-09-01,南投縣,-328.0
3379,2013-10-01,南投縣,-283.0
3380,2013-11-01,南投縣,-241.0
3381,2013-12-01,南投縣,-238.0
3382,2014-01-01,南投縣,-185.0
3383,2014-02-01,南投縣,-306.0
3384,2014-03-01,南投縣,-416.0
3385,2014-04-01,南投縣,-108.0
3386,2014-05-01,南投縣,-211.0
3387,2014-06-01,南投縣,-212.0
3388,2014-07-01,南投縣,-220.0
3389,2014-08-01,南投縣,-219.0
3390,2014-09-01,南投縣,-264.0
3391,2014-10-01,南投縣,-187.0
3392,2014-11-01,南投縣,-58.0
3393,2014-12-01,南投縣,-521.0
3394,2015-01-01,南投縣,-345.0
3395,2015-02-01,南投縣,-274.0
3396,2015-03-01,南投縣,-604.0
3397,2015-04-01,南投縣,-632.0
3398,2015-05-01,南投縣,-520.0
3399,2015-06-01,南投縣,-422.0
3400,2015-07-01,南投縣,-458.0
3401,2015-08-01,南投縣,-428.0
3402,2015-09-01,南投縣,-538.0
3403,2015-10-01,南投縣,-183.0
3404,2015-11-01,南投縣,-173.0
3405,2015-12-01,南投縣,-248.0
3406,2016-01-01,南投縣,-328.0
3407,2016-02-01,南投縣,-576.0
3408,2016-03-01,南投縣,-440.0
3409,2016-04-01,南投縣,-294.0
3410,2016-05-01,南投縣,-431.0
3411,2016-06-01,南投縣,-211.0
3412,2016-07-01,南投縣,-244.0
3413,2016-08-01,南投縣,-436.0
3414,2016-09-01,南投縣,-478.0
3415,2016-10-01,南投縣,-392.0
3416,2016-11-01,南投縣,-289.0
3417,2016-12-01,南投縣,-208.0
3418,2017-01-01,南投縣,-325.0
3419,2017-02-01,南投縣,-277.0
3420,2017-03-01,南投縣,-463.0
3421,2017-04-01,南投縣,-236.0
3422,2017-05-01,南投縣,-287.0
3423,2017-06-01,南投縣,-314.0
3424,2017-07-01,南投縣,-329.0
3425,2017-08-01,南投縣,-450.0
3426,2017-09-01,南投縣,-387.0
3427,2017-10-01,南投縣,-338.0
3428,2017-11-01,南投縣,-283.0
3429,2017-12-01,南投縣,-423.0
3430,2018-01-01,南投縣,-365.0
3431,2018-02-01,南投縣,-237.0
3432,2018-03-01,南投縣,-346.0
3433,2018-04-01,南投縣,-224.0
3434,2018-05-01,南投縣,-348.0
3435,2018-06-01,南投縣,-337.0
3436,2018-07-01,南投縣,-343.0
3437,2018-08-01,南投縣,-426.0
3438,2018-09-01,南投縣,-308.0
3439,2018-10-01,南投縣,-241.0
3440,2018-11-01,南投縣,-390.0
3441,2018-12-01,南投縣,-455.0
3442,2019-01-01,南投縣,-425.0
3443,2019-02-01,南投縣,-171.0
3444,2019-03-01,南投縣,-268.0
3445,2019-04-01,南投縣,-276.0
3446,2019-05-01,南投縣,-345.0
3447,2019-06-01,南投縣,-263.0
3448,2019-07-01,南投縣,-199.0
3449,2019-08-01,南投縣,-22.0
